AVG,OBP,SLG,OPS,HR,RBI,SB,BB,SO,H,player,team,PA,target_year,age,data_years
0.202,0.253,0.244,0.497,1.1,28.0,9.5,40.1,80.0,112.9,中野　拓夢,阪神,645,2026,29,2
0.218,0.253,0.265,0.502,1.0,15.2,8.2,25.2,55.7,100.0,岡林　勇希,中日,534,2026,24,2
0.204,0.278,0.316,0.6,12.5,55.8,1.0,55.7,78.5,104.1,大山　悠輔,阪神,579,2026,31,2
0.182,0.246,0.295,0.564,8.2,39.4,1.5,33.1,43.4,69.9,柳田　悠岐,ソフトバンク,396,2026,37,2
0.228,0.325,0.394,0.728,16.9,60.3,5.8,76.3,71.9,109.2,近藤　健介,ソフトバンク,568,2026,32,2
0.202,0.243,0.292,0.542,7.8,49.0,0.0,30.7,49.0,112.3,佐野　恵太,DeNA,586,2026,31,2
0.233,0.27,0.398,0.662,19.7,66.7,5.5,27.2,54.1,121.3,牧　秀悟,DeNA,580,2026,27,2
0.184,0.256,0.304,0.577,14.7,52.1,1.1,54.6,80.1,99.5,浅村　栄斗,楽天,573,2026,35,2
0.203,0.303,0.386,0.68,25.0,66.3,6.1,76.8,136.2,96.7,村上　宗隆,ヤクルト,604,2026,26,2
0.217,0.286,0.417,0.703,25.7,67.9,0.4,53.4,80.2,113.4,岡本　和真,巨人,602,2026,29,2
0.154,0.207,0.188,0.416,1.5,17.0,0.0,24.9,24.8,56.5,中村　晃,ソフトバンク,367,2026,36,2
0.217,0.284,0.299,0.589,5.4,38.2,17.9,52.9,65.4,119.5,近本　光司,阪神,616,2026,31,2
0.157,0.217,0.228,0.457,5.2,26.8,1.8,34.0,60.2,73.1,中村　奨吾,ロッテ,498,2026,33,2
0.21,0.254,0.353,0.594,16.1,50.7,1.5,30.6,98.1,102.6,万波　中正,日本ハム,567,2026,25,2
0.22,0.277,0.369,0.64,18.2,55.6,0.0,42.8,123.9,112.6,細川　成也,中日,590,2026,27,2
0.171,0.233,0.265,0.51,6.9,35.2,13.2,37.6,74.9,85.2,外崎　修汰,西武,530,2026,33,2
0.175,0.214,0.261,0.475,4.3,22.4,2.6,17.7,35.9,59.6,中川　圭太,オリックス,374,2026,29,2
0.182,0.219,0.223,0.452,1.4,17.8,12.5,22.2,40.7,89.3,松本　剛,日本ハム,518,2026,32,2
0.18,0.232,0.229,0.464,2.9,21.9,24.2,33.7,63.3,84.4,小深田　大翔,楽天,534,2026,30,2
0.206,0.256,0.356,0.606,14.6,59.7,2.3,32.8,101.9,93.2,佐藤　輝明,阪神,518,2026,27,2
0.189,0.23,0.313,0.555,15.0,55.0,0.7,30.4,65.9,105.0,オスナ,ヤクルト,567,2026,33,2
0.159,0.193,0.196,0.393,1.1,10.0,3.8,12.0,21.6,45.4,関根　大気,DeNA,309,2026,30,2
0.223,0.278,0.363,0.647,13.0,50.8,1.5,38.3,79.3,100.7,サンタナ,ヤクルト,498,2026,31,2
0.146,0.184,0.198,0.388,2.8,18.3,0.4,15.0,29.2,42.7,ノイジー,阪神,306,2026,31,2
0.14,0.178,0.22,0.403,8.4,28.1,0.6,27.0,51.2,67.5,マキノン,西武,514,2026,31,1
0.164,0.217,0.32,0.553,17.9,49.0,0.0,34.2,65.3,76.6,ポランコ,ロッテ,480,2026,34,2
0.215,0.266,0.31,0.576,6.0,39.4,13.0,32.3,79.5,106.2,辰己　涼介,楽天,553,2026,29,2
0.133,0.154,0.162,0.349,0.0,7.9,2.0,7.2,15.4,44.5,大島　洋平,中日,283,2026,40,2
0.175,0.222,0.266,0.5,6.0,27.2,0.0,23.1,57.2,64.2,大城　卓三,巨人,393,2026,33,2
0.218,0.251,0.275,0.511,3.6,36.8,3.1,22.2,49.3,104.4,長岡　秀樹,ヤクルト,558,2026,24,2
0.163,0.196,0.229,0.447,5.4,24.7,3.1,20.8,50.8,82.4,菊池　涼介,広島,492,2026,36,2
0.179,0.224,0.263,0.503,5.5,32.2,1.7,28.4,55.9,86.9,今宮　健太,ソフトバンク,515,2026,34,2
0.191,0.227,0.25,0.501,3.0,25.4,5.2,24.0,68.1,107.4,秋山　翔吾,広島,542,2026,37,2
0.208,0.247,0.269,0.5,3.4,28.7,1.3,24.7,51.7,88.1,紅林　弘太郎,オリックス,505,2026,24,2
0.172,0.206,0.247,0.462,4.1,19.9,4.1,14.4,32.7,62.7,桑原　将志,DeNA,389,2026,32,2
0.204,0.244,0.278,0.529,4.5,31.8,6.5,26.3,48.1,103.0,吉川　尚輝,巨人,549,2026,31,2
0.167,0.206,0.213,0.419,1.0,15.3,1.5,16.3,28.7,58.2,宗　佑磨,オリックス,389,2026,29,2
0.155,0.198,0.237,0.422,4.6,20.4,0.4,15.5,44.5,39.7,山口　航輝,ロッテ,307,2026,25,2
0.155,0.195,0.24,0.423,4.2,14.8,1.8,13.8,40.2,37.7,野村　佑希,日本ハム,290,2026,25,2
0.159,0.204,0.228,0.423,2.5,17.2,0.5,18.1,43.5,40.2,安田　尚憲,ロッテ,302,2026,26,2
0.165,0.21,0.207,0.423,0.7,27.0,0.4,22.6,57.9,65.1,木浪　聖也,阪神,435,2026,31,2
0.187,0.217,0.277,0.479,5.3,22.7,0.0,12.9,34.2,57.0,石川　昂弥,中日,356,2026,24,2
0.196,0.255,0.33,0.609,12.1,45.6,0.7,34.6,25.6,90.1,宮﨑　敏郎,DeNA,466,2026,37,2
0.163,0.206,0.274,0.503,9.7,32.5,1.0,25.0,55.5,74.4,坂本　勇人,巨人,438,2026,37,2
0.205,0.27,0.327,0.6,9.3,39.0,3.7,37.6,44.3,81.3,森　友哉,オリックス,455,2026,30,2
0.173,0.232,0.275,0.508,7.3,25.8,0.0,24.3,42.1,54.6,頓宮　裕真,オリックス,359,2026,29,2
0.205,0.25,0.305,0.549,8.7,32.0,2.2,27.5,54.1,82.1,坂倉　将吾,広島,456,2026,27,2
0.161,0.232,0.288,0.532,10.1,44.1,0.8,34.8,72.6,67.7,マルティネス,日本ハム,453,2026,33,2
0.2,0.226,0.274,0.506,5.9,37.6,6.9,18.2,58.0,97.8,西川　龍馬,オリックス,506,2026,31,2
0.198,0.253,0.283,0.536,6.3,37.5,18.2,41.5,80.3,96.7,小郷　裕哉,楽天,556,2026,29,2
0.169,0.193,0.233,0.409,2.4,10.1,0.3,6.8,22.7,30.3,秋広　優人,巨人,216,2026,23,2
0.184,0.218,0.231,0.461,1.3,16.1,6.8,22.1,58.6,92.0,源田　壮亮,西武,516,2026,33,2
0.18,0.239,0.282,0.542,11.8,34.6,4.7,41.6,60.1,93.2,丸　佳浩,巨人,525,2026,36,2
0.148,0.202,0.272,0.486,9.8,27.6,1.6,26.1,65.0,56.9,山田　哲人,ヤクルト,401,2026,33,2
0.151,0.196,0.237,0.445,5.0,30.5,0.4,21.8,70.9,57.6,甲斐　拓也,ソフトバンク,404,2026,33,2
0.186,0.239,0.226,0.477,0.4,19.4,4.8,27.7,36.9,75.9,野間　峻祥,広島,432,2026,33,2
0.195,0.254,0.322,0.566,8.8,31.8,1.0,27.5,44.3,59.3,清宮　幸太郎,日本ハム,366,2026,26,2
0.122,0.163,0.178,0.362,1.8,12.5,0.7,11.7,21.3,28.8,岡島　豪郎,楽天,229,2026,36,2
0.165,0.216,0.299,0.538,13.3,52.9,0.0,30.0,88.6,81.8,ソト,ロッテ,481,2026,37,2
0.196,0.243,0.332,0.575,12.7,52.9,0.9,29.9,68.2,88.4,栗原　陵矢,ソフトバンク,508,2026,29,2
0.163,0.18,0.21,0.402,1.3,13.7,3.0,6.0,33.4,50.9,牧原　大成,ソフトバンク,314,2026,33,2
0.084,0.115,0.189,0.323,9.3,21.5,0.0,10.7,58.5,35.6,デビッドソン,広島,381,2026,35,1
0.173,0.244,0.233,0.485,2.3,17.8,2.1,33.9,42.1,56.6,藤岡　裕大,ロッテ,374,2026,32,2
0.203,0.265,0.317,0.57,9.8,43.2,0.3,31.2,54.4,77.2,森下　翔太,阪神,462,2026,25,2
0.14,0.195,0.177,0.39,1.2,18.5,0.0,21.2,38.1,47.2,中村　悠平,ヤクルト,363,2026,35,2
0.169,0.223,0.236,0.455,1.4,23.7,0.9,20.8,51.8,42.7,柳町　達,ソフトバンク,296,2026,28,2
0.184,0.245,0.284,0.544,4.9,23.1,8.9,28.7,42.4,68.6,岡　大海,ロッテ,399,2026,34,2
0.135,0.172,0.251,0.438,8.3,20.9,0.4,10.6,47.6,40.7,杉本　裕太郎,オリックス,295,2026,34,2
0.113,0.167,0.162,0.349,1.8,13.6,0.5,15.7,15.7,28.6,島内　宏明,楽天,246,2026,36,2
0.181,0.22,0.239,0.446,1.6,13.5,2.8,14.1,35.7,45.9,藤原　恭大,ロッテ,306,2026,25,2
0.185,0.227,0.217,0.433,0.9,14.5,6.8,19.9,42.0,58.0,門脇　誠,巨人,381,2026,25,2
0.097,0.129,0.141,0.294,1.6,5.6,0.0,6.4,9.7,19.3,ビシエド,中日,175,2026,37,2
0.151,0.205,0.173,0.378,0.4,11.0,2.7,17.7,29.2,41.2,上川畑　大悟,日本ハム,323,2026,29,2
0.133,0.159,0.154,0.304,0.2,6.8,3.0,4.4,20.5,20.3,茶野　篤政,オリックス,180,2026,26,2
0.183,0.21,0.238,0.445,3.1,31.0,5.6,15.4,55.4,76.6,村林　一輝,楽天,472,2026,28,2
0.125,0.151,0.211,0.374,6.0,19.2,0.0,8.8,31.3,36.2,フランコ,楽天,282,2026,33,2
0.192,0.228,0.265,0.493,2.9,16.9,4.1,16.4,50.1,63.8,福永　裕基,中日,369,2026,29,2
0.097,0.14,0.219,0.398,6.8,15.0,0.6,12.7,38.3,31.0,中村　剛也,西武,255,2026,42,2
0.076,0.102,0.148,0.274,2.9,8.8,0.4,4.4,22.1,16.4,ゴンザレス,オリックス,175,2026,37,2
0.141,0.165,0.202,0.37,2.8,11.3,0.6,7.8,39.8,39.5,若月　健矢,オリックス,307,2026,30,2
0.141,0.157,0.185,0.336,1.4,8.3,3.6,3.8,13.3,22.2,三森　大貴,ソフトバンク,176,2026,27,2
0.123,0.158,0.178,0.35,2.3,9.7,0.0,10.7,22.8,30.7,木下　拓哉,中日,251,2026,34,2
0.084,0.127,0.12,0.251,0.4,3.6,2.5,6.6,11.2,10.0,山﨑　剛,楽天,135,2026,30,2
0.218,0.246,0.275,0.508,2.7,35.2,7.9,15.7,34.1,89.1,小園　海斗,広島,467,2026,25,2
0.105,0.125,0.121,0.228,0.2,4.2,0.7,3.3,15.0,12.3,龍空,中日,156,2026,23,2
0.183,0.217,0.219,0.424,0.7,15.6,1.5,14.5,45.9,56.5,村松　開人,中日,369,2026,25,2
0.099,0.109,0.173,0.288,4.7,14.8,0.4,3.8,30.1,29.7,ブリンソン,巨人,294,2026,31,1
0.159,0.205,0.22,0.446,3.1,24.3,0.0,16.2,27.7,60.9,鈴木　大地,楽天,388,2026,36,2
0.094,0.116,0.122,0.262,0.6,4.1,0.4,3.5,9.5,14.5,梶谷　隆幸,巨人,134,2026,37,2
0.124,0.157,0.137,0.303,0.0,9.4,0.0,8.9,28.6,28.5,坂本　誠志郎,阪神,248,2026,32,2
0.119,0.144,0.212,0.376,5.2,16.6,0.0,7.9,27.6,32.7,中田　翔,中日,252,2026,36,2
0.136,0.17,0.162,0.337,0.6,11.6,1.8,10.9,23.3,32.9,京田　陽太,DeNA,258,2026,31,2
0.139,0.169,0.213,0.396,3.5,15.3,0.3,10.7,42.8,38.6,堂林　翔太,広島,278,2026,34,2
0.148,0.189,0.19,0.37,1.6,9.6,0.3,13.2,34.9,33.7,古賀　悠斗,西武,280,2026,26,2
0.181,0.219,0.245,0.461,3.1,24.2,1.6,17.9,33.3,60.1,佐藤　都志也,ロッテ,377,2026,28,2
0.107,0.13,0.156,0.274,0.9,4.4,0.8,3.8,13.3,11.6,濱田　太貴,ヤクルト,134,2026,25,2
0.111,0.14,0.13,0.287,0.2,6.1,1.9,4.0,18.1,23.2,上本　崇司,広島,202,2026,35,2
0.12,0.145,0.17,0.297,1.2,6.1,0.9,4.0,10.7,13.5,内山　壮真,ヤクルト,146,2026,23,2
0.178,0.218,0.224,0.445,1.4,15.4,26.9,16.2,52.3,62.5,周東　佑京,ソフトバンク,387,2026,30,2
0.102,0.114,0.147,0.258,0.8,3.9,0.4,1.7,15.1,14.9,愛斗,ロッテ,158,2026,28,2
0.115,0.136,0.137,0.268,0.0,4.2,2.3,3.9,9.7,15.5,鈴木　将平,西武,158,2026,27,2
0.082,0.131,0.116,0.292,0.7,6.9,1.0,11.7,11.3,20.3,青木　宣親,ヤクルト,187,2026,44,2
0.075,0.108,0.127,0.247,2.4,12.2,0.4,11.0,22.0,19.7,マクブルーム,広島,259,2026,33,1
0.161,0.226,0.248,0.473,3.4,16.9,0.6,25.1,37.0,41.5,佐藤　龍世,西武,307,2026,29,2
0.099,0.133,0.144,0.269,0.6,3.7,0.7,4.1,15.2,10.0,野口　智哉,オリックス,127,2026,26,2
0.08,0.119,0.134,0.274,1.9,8.0,0.7,7.9,17.6,15.2,田中　広輔,広島,170,2026,36,2
0.122,0.165,0.224,0.41,4.1,17.0,0.0,13.7,30.4,31.8,阿部　寿樹,楽天,254,2026,36,2
0.105,0.123,0.13,0.271,0.7,9.5,0.0,3.2,18.2,23.6,伏見　寅威,日本ハム,213,2026,35,2
0.113,0.166,0.134,0.315,0.3,10.5,0.8,18.3,45.2,31.4,梅野　隆太郎,阪神,289,2026,34,2
0.137,0.178,0.233,0.438,3.2,16.1,0.2,13.0,22.6,33.0,角中　勝也,ロッテ,229,2026,38,2
0.128,0.172,0.183,0.355,1.4,11.4,0.9,11.3,31.8,26.1,太田　光,楽天,254,2026,29,2
0.086,0.107,0.093,0.227,0.0,4.4,0.5,4.2,7.9,15.5,大和,DeNA,152,2026,38,2
0.145,0.169,0.193,0.371,1.6,8.3,0.0,6.5,22.0,26.9,宇佐見　真吾,中日,191,2026,32,2
0.062,0.081,0.103,0.198,1.8,7.9,0.4,5.0,16.6,15.8,ペイトン,西武,225,2026,34,1
0.14,0.167,0.175,0.331,0.8,10.1,1.0,6.4,23.1,26.6,蛭間　拓哉,西武,228,2026,25,2
0.08,0.112,0.12,0.238,1.1,3.2,0.6,4.6,9.2,10.3,加藤　豪将,日本ハム,131,2026,31,2
0.123,0.147,0.183,0.329,1.6,6.1,0.6,4.5,19.6,18.0,伊藤　裕季也,楽天,164,2026,29,2
0.089,0.122,0.119,0.248,0.4,8.3,0.0,7.0,16.4,14.9,田村　龍弘,ロッテ,183,2026,31,2
0.154,0.176,0.174,0.338,0.0,8.0,6.6,8.8,27.8,40.0,友杉　篤輝,ロッテ,314,2026,25,2
0.076,0.105,0.127,0.226,1.0,4.2,0.3,3.0,14.7,7.1,渡部　健人,西武,111,2026,27,2
0.127,0.16,0.205,0.374,2.4,8.5,1.0,6.3,12.4,18.7,塩見　泰隆,ヤクルト,154,2026,32,2
0.13,0.149,0.159,0.306,0.0,5.3,1.0,4.0,12.0,19.7,川瀬　晃,ソフトバンク,178,2026,28,2
0.102,0.118,0.12,0.233,0.0,2.1,8.5,2.5,19.8,14.1,五十幡　亮汰,日本ハム,160,2026,27,2
0.111,0.139,0.145,0.317,0.5,9.2,0.2,5.7,8.5,27.6,荻野　貴司,ロッテ,209,2026,40,2
0.192,0.228,0.254,0.476,2.7,18.2,0.4,15.0,22.4,51.9,山本　祐大,DeNA,316,2026,27,2
0.13,0.173,0.175,0.329,1.6,5.5,3.9,8.8,21.4,21.9,長谷川　信哉,西武,221,2026,23,2
0.129,0.159,0.189,0.348,2.9,11.7,2.2,7.7,25.8,31.0,岸　潤一郎,西武,262,2026,29,2
0.117,0.13,0.154,0.272,0.4,5.2,1.0,2.3,21.7,16.5,奈良間　大己,日本ハム,170,2026,25,2
0.071,0.138,0.134,0.311,1.8,7.5,0.2,14.0,13.4,15.2,栗山　巧,西武,170,2026,42,2
0.105,0.119,0.12,0.236,0.0,2.6,0.4,2.2,9.0,11.5,茶谷　健太,ロッテ,124,2026,28,2
0.162,0.194,0.274,0.463,7.6,21.9,0.0,10.2,46.3,38.9,セデーニョ,オリックス,271,2026,27,2
0.177,0.221,0.248,0.466,5.5,24.5,1.4,20.2,36.3,56.4,郡司　裕也,日本ハム,363,2026,28,2
0.051,0.065,0.094,0.178,1.3,4.8,0.0,2.9,15.6,12.1,大田　泰示,DeNA,186,2026,35,1
0.088,0.111,0.135,0.264,0.9,4.6,0.0,3.7,9.4,13.0,戸柱　恭孝,DeNA,133,2026,35,2
0.11,0.133,0.15,0.268,1.0,4.1,0.9,4.4,18.8,13.6,武岡　龍世,ヤクルト,160,2026,24,2
0.042,0.061,0.087,0.16,0.7,1.8,1.2,1.5,11.9,3.7,江越　大賀,日本ハム,81,2026,33,2
0.063,0.084,0.093,0.18,0.3,4.2,0.0,1.9,6.3,5.5,楠本　泰史,DeNA,93,2026,30,2
0.076,0.107,0.129,0.272,1.1,7.0,0.4,5.4,13.6,13.3,長野　久義,巨人,131,2026,41,2
0.072,0.093,0.104,0.218,0.4,4.9,0.0,2.6,13.4,11.0,伊藤　光,DeNA,129,2026,36,2
0.096,0.108,0.119,0.221,0.4,2.2,4.5,1.5,6.8,8.4,並木　秀尊,ヤクルト,103,2026,27,2
0.116,0.144,0.145,0.298,0.6,7.8,0.2,6.3,20.8,20.8,高橋　周平,中日,182,2026,32,2
0.146,0.164,0.212,0.391,3.9,16.6,0.7,7.3,34.1,45.5,カリステ,中日,298,2026,34,2
0.054,0.096,0.076,0.169,0.9,2.4,0.9,7.5,12.8,6.9,平沢　大河,ロッテ,170,2026,28,1
0.098,0.11,0.107,0.205,0.0,1.2,0.3,1.2,3.9,6.0,宜保　翔,オリックス,77,2026,25,2
0.055,0.072,0.085,0.19,0.2,6.8,0.0,2.6,7.3,9.0,松山　竜平,広島,111,2026,40,2
0.093,0.113,0.115,0.216,0.0,3.8,2.8,3.1,11.3,9.6,林　琢真,DeNA,131,2026,25,2
0.063,0.083,0.067,0.159,0.0,0.6,1.5,2.0,7.3,5.6,山崎　晃大朗,ヤクルト,88,2026,32,2
0.109,0.124,0.128,0.234,0.0,0.8,0.7,1.8,6.8,7.6,中山　礼都,巨人,90,2026,23,2
0.042,0.05,0.068,0.126,0.3,3.0,0.0,0.5,8.1,7.0,ブロッソー,ロッテ,147,2026,32,1
0.171,0.215,0.213,0.421,0.8,15.4,7.0,18.5,51.7,49.1,矢野　雅哉,広島,345,2026,27,2
0.143,0.168,0.247,0.415,5.7,19.0,0.3,5.5,38.1,32.0,末包　昇大,広島,236,2026,29,2
0.058,0.078,0.076,0.181,0.2,3.2,0.0,2.3,8.8,8.9,炭谷　銀仁朗,西武,121,2026,38,2
0.058,0.08,0.094,0.177,0.6,2.0,0.0,1.9,6.6,3.9,ミエセス,阪神,72,2026,30,2
0.141,0.174,0.172,0.363,0.3,6.3,1.0,10.0,10.9,33.8,西野　真弘,オリックス,237,2026,35,2
0.062,0.073,0.072,0.141,0.0,2.0,0.0,0.6,5.1,4.6,柘植　世那,西武,84,2026,28,2
0.06,0.089,0.082,0.194,0.2,5.4,0.0,3.8,16.5,11.4,會澤　翼,広島,148,2026,37,2
0.077,0.093,0.105,0.191,0.0,1.6,1.3,1.6,6.2,5.7,児玉　亮涼,西武,90,2026,27,2
0.113,0.14,0.155,0.287,1.0,3.5,0.0,4.4,13.8,12.2,安田　悠馬,楽天,128,2026,26,2
0.118,0.139,0.174,0.309,1.2,4.6,1.2,3.3,16.0,14.9,オコエ　瑠偉,巨人,144,2026,28,2
0.037,0.05,0.074,0.137,1.0,2.4,0.2,2.1,9.8,5.5,アルカンタラ,日本ハム,125,2026,33,1
0.11,0.15,0.125,0.278,0.0,3.0,0.5,6.3,10.1,14.0,宮本　丈,ヤクルト,146,2026,30,2
0.077,0.108,0.091,0.202,0.2,1.4,2.2,3.3,7.7,7.4,島田　海吏,阪神,106,2026,30,2
0.061,0.066,0.118,0.199,1.1,3.5,0.3,0.3,9.4,6.7,ウォーカー,ソフトバンク,89,2026,34,2
0.096,0.107,0.128,0.244,0.5,2.7,0.0,1.6,7.3,10.4,石川　慎吾,ロッテ,104,2026,32,2
0.076,0.089,0.108,0.188,0.3,1.2,0.0,1.0,3.5,4.6,池田　来翔,ロッテ,77,2026,26,2
0.107,0.155,0.128,0.295,0.3,5.1,3.3,11.1,11.4,20.4,福田　周平,オリックス,198,2026,33,2
0.079,0.107,0.111,0.212,0.4,2.9,5.1,2.5,7.2,5.6,和田　康士朗,ロッテ,89,2026,27,2
0.09,0.107,0.112,0.201,0.1,2.4,0.7,1.7,5.8,5.2,細川　凌平,日本ハム,85,2026,23,2
0.114,0.134,0.151,0.282,0.4,3.3,0.6,2.9,9.0,13.2,平沼　翔太,西武,129,2026,28,2
0.141,0.163,0.198,0.352,2.2,12.3,3.7,6.2,22.9,29.1,西川　愛也,西武,238,2026,26,2
0.053,0.067,0.068,0.122,0.1,0.4,0.2,0.9,4.4,2.1,矢澤　宏太,日本ハム,57,2026,25,2
0.18,0.226,0.23,0.434,1.4,16.1,0.0,11.5,23.4,35.7,前川　右京,阪神,253,2026,22,2
0.139,0.175,0.161,0.327,0.0,5.5,2.9,9.1,22.0,24.1,丸山　和郁,ヤクルト,215,2026,26,2
0.016,0.032,0.036,0.09,0.2,1.7,0.2,1.9,5.0,3.6,井上　晴哉,ロッテ,106,2026,36,1
0.061,0.078,0.078,0.184,0.3,3.3,0.0,1.6,3.0,6.4,川端　慎吾,ヤクルト,80,2026,38,2
0.081,0.111,0.11,0.218,0.2,2.7,0.5,4.3,11.4,7.8,廣岡　大志,オリックス,112,2026,28,2
0.102,0.134,0.159,0.299,1.1,5.9,1.2,6.4,17.6,16.0,石井　一成,日本ハム,168,2026,31,2
0.067,0.084,0.089,0.176,0.2,2.1,0.2,2.0,9.4,6.5,上林　誠知,中日,101,2026,30,2
0.016,0.024,0.048,0.085,0.8,1.7,0.4,1.0,2.3,2.5,ハンソン,日本ハム,96,2026,33,1
0.041,0.072,0.064,0.136,0.4,1.0,0.8,2.0,7.0,2.4,野村　勇,ソフトバンク,69,2026,29,2
0.047,0.052,0.071,0.114,0.3,0.9,0.1,0.2,4.7,2.1,鵜飼　航丞,中日,56,2026,26,2
0.065,0.072,0.105,0.171,0.7,1.8,0.9,0.4,6.2,4.4,若林　楽人,巨人,78,2026,27,2
0.029,0.051,0.046,0.106,0.2,2.1,0.2,2.4,4.7,3.0,呉　念庭,西武,92,2026,32,1
0.064,0.089,0.086,0.193,0.5,2.2,0.9,3.5,9.6,9.0,金子　侑司,西武,120,2026,35,2
0.115,0.143,0.139,0.27,0.2,3.5,1.0,4.2,10.2,10.3,小幡　竜平,阪神,116,2026,25,2
0.018,0.031,0.018,0.067,0.0,0.9,0.0,1.4,1.6,2.7,谷内　亮太,日本ハム,88,2026,35,1
0.134,0.188,0.175,0.375,0.6,9.1,3.9,16.2,23.2,30.2,西川　遥輝,ヤクルト,245,2026,33,2
0.091,0.113,0.131,0.248,0.8,4.2,0.0,3.4,10.9,9.7,渡邉　諒,阪神,115,2026,30,2
0.074,0.113,0.081,0.205,0.0,2.8,0.0,4.8,7.1,8.1,糸原　健斗,阪神,109,2026,33,2
0.069,0.08,0.087,0.165,0.0,1.1,0.0,0.7,2.5,3.1,小野寺　暖,阪神,52,2026,28,2
0.117,0.15,0.191,0.329,1.5,6.7,0.5,5.9,16.3,14.0,野村　大樹,ソフトバンク,152,2026,25,2
0.055,0.069,0.065,0.128,0.2,0.3,0.0,1.3,1.0,3.3,古賀　優大,ヤクルト,80,2026,27,1
0.066,0.069,0.098,0.155,0.2,1.2,0.0,0.2,1.6,2.4,石橋　康太,中日,50,2026,25,2
0.077,0.099,0.111,0.201,0.5,1.6,0.0,1.7,6.9,5.5,増田　珠,ヤクルト,90,2026,26,2
0.131,0.155,0.182,0.336,1.7,8.7,0.6,4.8,16.0,24.0,岸田　行倫,巨人,201,2026,29,2
0.041,0.052,0.057,0.109,0.1,1.0,0.6,0.5,3.4,1.9,大盛　穂,広島,50,2026,29,2
0.016,0.016,0.029,0.057,0.1,1.6,0.0,0.0,2.5,1.9,シュウィンデル,オリックス,70,2026,33,1
0.177,0.209,0.25,0.447,2.5,15.1,1.3,9.8,24.0,35.8,太田　椋,オリックス,241,2026,25,2
0.038,0.051,0.043,0.095,0.0,0.1,0.2,0.5,1.9,1.4,今川　優馬,日本ハム,40,2026,29,2
0.028,0.036,0.055,0.112,0.1,0.6,0.4,0.3,1.7,1.7,小田　裕也,オリックス,38,2026,36,2
0.07,0.09,0.095,0.176,0.3,0.9,0.2,1.4,4.5,3.1,ブライト　健太,中日,58,2026,26,2
0.021,0.037,0.024,0.088,0.0,0.7,0.1,0.9,3.0,2.2,安達　了一,オリックス,54,2026,38,2
0.016,0.02,0.032,0.058,0.1,0.9,0.0,0.3,4.6,1.5,アキーノ,中日,68,2026,31,1
0.033,0.063,0.04,0.112,0.0,0.4,0.1,1.2,1.7,1.4,柴田　竜拓,DeNA,48,2026,32,2
0.043,0.052,0.053,0.097,0.0,0.2,0.0,0.3,3.7,1.5,リチャード,ソフトバンク,46,2026,26,2
0.04,0.048,0.066,0.111,0.1,0.7,0.0,0.3,1.8,1.2,福田　光輝,日本ハム,35,2026,28,2
0.135,0.154,0.21,0.352,2.3,13.6,3.2,5.3,31.8,26.2,水野　達稀,日本ハム,232,2026,25,2
0.064,0.078,0.088,0.154,0.1,0.9,0.0,1.0,5.4,3.1,林　晃汰,広島,63,2026,25,2
0.155,0.202,0.309,0.526,13.3,40.3,0.0,19.7,67.0,57.8,山川　穂高,ソフトバンク,376,2026,34,2
0.038,0.045,0.044,0.089,0.0,0.5,0.1,0.3,1.4,1.1,清水　優心,日本ハム,34,2026,29,2
0.013,0.03,0.013,0.052,0.0,0.1,1.3,0.6,1.7,0.7,重信　慎之介,巨人,35,2026,32,2
0.09,0.113,0.094,0.207,0.0,3.0,0.0,3.3,7.1,8.9,渡邊　佳明,楽天,112,2026,29,2
0.043,0.062,0.077,0.154,0.5,2.3,0.2,1.1,4.1,3.2,原口　文仁,阪神,61,2026,34,2
0.037,0.043,0.037,0.062,0.0,0.0,0.1,0.1,0.8,0.5,古市　尊,西武,27,2026,23,2
0.037,0.046,0.041,0.072,0.0,0.2,0.0,0.3,1.1,0.7,韮澤　雄也,広島,32,2026,24,2
0.001,0.003,0.01,0.035,0.1,0.2,0.0,0.1,2.1,1.2,アルモンテ,中日,54,2026,36,1
0.178,0.22,0.346,0.581,8.8,26.0,0.0,17.5,34.5,47.6,オースティン,DeNA,277,2026,34,2
0.17,0.182,0.226,0.4,1.3,10.2,5.4,2.5,36.1,34.9,梶原　昂希,DeNA,224,2026,26,2
0.018,0.029,0.024,0.063,0.0,0.2,0.2,0.3,2.4,0.9,神里　和毅,DeNA,37,2026,32,2
0.044,0.053,0.049,0.091,0.0,0.4,2.3,0.4,1.7,1.0,羽月　隆太郎,広島,37,2026,25,2
0.06,0.087,0.07,0.148,0.0,1.3,0.9,2.0,2.5,2.8,渡部　遼人,オリックス,69,2026,26,2
0.031,0.042,0.041,0.074,0.1,0.1,0.0,0.3,1.0,0.6,岡田　悠希,巨人,27,2026,26,2
0.028,0.041,0.045,0.095,0.1,0.9,0.1,0.3,0.6,1.0,大城　滉二,オリックス,32,2026,32,2
0.018,0.031,0.025,0.068,0.0,0.6,0.0,0.6,2.5,1.1,後藤　駿太,中日,42,2026,33,2
0.122,0.156,0.165,0.318,0.8,4.8,1.1,5.0,16.9,17.3,蝦名　達夫,DeNA,166,2026,28,2
0.0,0.009,0.01,0.035,0.1,0.3,0.0,0.2,0.2,0.7,アストゥディーヨ,ソフトバンク,50,2026,34,1
-0.022,-0.008,-0.022,0.0,0.0,0.0,0.0,0.8,1.4,0.3,デスパイネ,ソフトバンク,49,2026,39,1
0.025,0.029,0.035,0.058,0.0,0.2,0.0,0.1,0.9,0.4,古川　裕大,日本ハム,22,2026,27,2
0.039,0.046,0.051,0.094,0.0,0.3,0.1,0.2,0.8,0.8,谷川原　健太,ソフトバンク,25,2026,28,2
0.038,0.05,0.048,0.098,0.0,0.2,0.0,0.5,1.4,1.2,山田　遥楓,楽天,35,2026,29,2
0.012,0.018,0.017,0.04,0.0,0.3,0.1,0.2,1.2,0.7,溝脇　隼人,中日,45,2026,31,1
0.005,0.01,0.005,0.033,0.0,0.4,0.2,0.2,0.8,0.9,加藤　翔平,中日,45,2026,35,1
0.015,0.02,0.027,0.056,0.1,0.5,0.0,0.3,1.6,1.0,王　柏融,日本ハム,45,2026,32,1
0.055,0.068,0.07,0.144,0.0,0.2,1.7,1.0,3.2,3.8,山野辺　翔,西武,70,2026,31,2
0.048,0.054,0.062,0.11,0.2,1.4,0.0,0.3,4.8,2.5,元山　飛優,西武,64,2026,27,2
0.043,0.047,0.051,0.097,0.0,0.7,0.0,0.2,2.7,2.0,太田　賢吾,ヤクルト,47,2026,29,2
-0.007,-0.001,-0.007,0.019,0.0,0.2,0.0,0.2,0.7,0.4,Ｔ－岡田,オリックス,23,2026,38,2
0.013,0.023,0.031,0.061,0.2,0.3,0.2,0.4,1.9,0.6,田中　和基,楽天,37,2026,31,2
0.117,0.132,0.177,0.285,0.8,4.3,0.2,1.7,8.3,9.4,浅野　翔吾,巨人,108,2026,21,2
0.042,0.047,0.054,0.082,0.1,0.2,0.0,0.2,0.9,0.5,井上　朋也,ソフトバンク,23,2026,23,2
0.012,0.013,0.041,0.07,0.2,0.5,0.0,0.0,0.5,0.5,嶺井　博希,ソフトバンク,20,2026,34,2
0.027,0.052,0.05,0.095,0.1,0.5,0.2,0.8,0.9,0.5,知野　直人,DeNA,29,2026,27,2
0.049,0.058,0.052,0.089,0.0,0.0,0.1,0.3,0.9,0.8,池田　陵真,オリックス,30,2026,22,2
0.014,0.014,0.022,0.036,0.0,0.1,0.2,0.0,0.3,0.2,佐野　皓大,オリックス,17,2026,29,2
0.029,0.047,0.041,0.091,0.1,0.5,0.2,0.8,1.6,1.2,北村　拓己,ヤクルト,44,2026,30,2
-0.0,0.009,-0.0,0.018,0.0,0.0,0.0,0.1,0.4,0.1,柿沼　友哉,ロッテ,18,2026,32,2
0.09,0.108,0.122,0.23,0.2,2.7,0.8,1.9,8.3,7.0,淺間　大基,日本ハム,88,2026,29,2
0.05,0.069,0.081,0.159,0.4,1.6,0.0,1.2,3.9,3.2,川越　誠司,中日,59,2026,32,2
0.036,0.048,0.05,0.086,0.1,0.4,0.0,0.0,1.8,0.7,澤井　廉,ヤクルト,31,2026,25,2
0.041,0.044,0.043,0.075,0.0,0.4,0.1,0.1,1.1,0.8,中村　貴浩,広島,30,2026,25,2
0.062,0.071,0.101,0.157,0.4,1.6,0.1,0.6,4.1,2.1,井上　広大,阪神,47,2026,24,2
-0.009,-0.007,-0.009,0.005,0.0,0.1,0.0,0.0,0.9,0.4,ガルビス,ソフトバンク,34,2026,36,1
0.003,0.01,0.013,0.034,0.0,0.2,0.0,0.1,0.7,0.3,磯村　嘉孝,広島,19,2026,33,2
0.019,0.026,0.022,0.066,0.0,0.4,0.6,0.4,1.3,1.3,中島　卓也,日本ハム,37,2026,35,2
0.058,0.071,0.079,0.144,0.1,1.2,0.8,0.6,6.7,3.2,佐藤　直樹,ソフトバンク,66,2026,27,2
0.165,0.194,0.215,0.397,1.4,11.6,3.6,6.6,24.1,28.8,田宮　裕涼,日本ハム,213,2026,25,2
0.136,0.16,0.211,0.361,2.0,8.6,0.3,3.8,20.9,20.7,正木　智也,ソフトバンク,174,2026,26,2
0.027,0.038,0.038,0.073,0.1,0.2,0.0,0.2,0.7,0.5,大下　誠一郎,ロッテ,25,2026,28,2
0.007,0.022,0.015,0.051,0.1,0.2,0.0,0.3,1.3,0.6,陽川　尚将,西武,31,2026,34,2
0.01,0.021,0.012,0.043,0.0,0.0,0.2,0.3,0.4,0.4,山足　達也,オリックス,22,2026,32,2
0.062,0.068,0.092,0.148,0.3,1.0,0.5,0.2,3.2,2.1,赤羽　由紘,ヤクルト,49,2026,25,2
0.017,0.022,0.02,0.036,0.0,0.0,0.1,0.1,0.2,0.2,石垣　雅海,中日,17,2026,27,2
-0.015,-0.003,-0.006,0.015,0.1,0.1,0.0,0.3,0.2,0.2,福田　永将,中日,26,2026,37,1
0.13,0.169,0.135,0.298,0.0,6.5,3.7,9.2,17.2,19.6,小川　龍成,ロッテ,189,2026,27,2
-0.026,-0.022,-0.023,-0.003,0.0,0.0,0.0,0.1,0.3,0.3,藤田　一也,DeNA,24,2026,43,1
0.056,0.064,0.074,0.123,0.2,1.1,0.0,0.5,1.9,1.7,黒川　史陽,楽天,45,2026,24,2
0.022,0.021,0.03,0.04,0.1,0.4,0.0,0.0,0.3,0.2,北村　恵吾,ヤクルト,23,2026,25,1
0.017,0.017,0.017,0.025,0.0,0.0,0.1,0.0,0.2,0.2,伊藤　康祐,中日,22,2026,26,1
0.085,0.093,0.106,0.177,0.0,0.8,0.2,0.5,5.2,4.3,田村　俊介,広島,70,2026,22,2
-0.005,0.0,-0.005,0.008,0.0,0.1,0.0,0.1,0.4,0.1,三ツ俣　大樹,ヤクルト,21,2026,33,1
0.022,0.024,0.022,0.034,0.0,0.0,0.0,0.0,0.2,0.2,生海,ソフトバンク,21,2026,25,1
0.041,0.043,0.046,0.081,0.0,0.1,0.0,0.1,2.3,1.5,中村　奨成,広島,49,2026,26,2
-0.03,-0.022,-0.03,-0.01,0.0,0.1,0.0,0.0,0.5,0.2,中島　宏之,中日,17,2026,43,2
0.016,0.019,0.016,0.026,0.0,0.0,0.0,0.0,0.2,0.1,高木　渉,西武,13,2026,26,2
-0.004,0.001,-0.004,0.006,0.0,0.0,0.0,0.1,0.2,0.1,若林　晃弘,巨人,18,2026,32,1
0.032,0.034,0.032,0.045,0.0,0.0,0.0,0.0,0.2,0.1,松川　虎生,ロッテ,10,2026,22,2
0.057,0.073,0.07,0.14,0.0,0.6,0.3,0.8,3.6,2.8,三好　大倫,中日,59,2026,28,2
0.083,0.101,0.101,0.181,0.1,0.9,0.6,1.5,6.3,4.6,滝澤　夏央,西武,86,2026,22,2
-0.036,-0.036,-0.036,-0.034,0.0,0.0,0.0,0.0,0.2,0.0,松田　宣浩,巨人,17,2026,42,1
0.083,0.104,0.124,0.236,0.7,3.0,0.2,3.3,9.6,10.0,板山　祐太郎,中日,118,2026,32,2
0.087,0.107,0.129,0.223,0.4,2.5,0.0,2.3,10.2,6.9,萩尾　匡也,巨人,100,2026,25,2
0.002,0.004,0.005,0.012,0.0,0.0,0.0,0.0,0.1,0.1,曽根　海成,広島,15,2026,30,1
0.045,0.059,0.071,0.139,0.1,1.1,0.0,0.9,1.9,2.4,茂木　栄五郎,楽天,49,2026,32,2
0.016,0.016,0.018,0.027,0.0,0.0,0.0,0.0,0.0,0.1,郡　拓也,巨人,9,2026,27,2
0.115,0.137,0.152,0.27,0.9,6.3,0.3,3.4,10.5,11.8,山村　崇嘉,西武,134,2026,23,2
0.117,0.135,0.146,0.266,0.0,1.4,2.1,3.0,10.3,11.4,森　敬斗,DeNA,120,2026,24,2
0.021,0.026,0.035,0.07,0.0,0.4,0.5,0.1,0.6,0.6,増田　大輝,巨人,27,2026,32,2
0.017,0.031,0.029,0.066,0.0,0.6,0.1,0.7,3.2,1.0,松原　聖弥,巨人,47,2026,31,2
0.0,0.0,0.0,0.007,0.0,0.0,0.0,0.0,0.1,0.0,長坂　拳弥,阪神,7,2026,31,2
0.004,0.008,0.01,0.033,0.0,0.1,0.0,0.1,0.4,0.3,西浦　直亨,DeNA,15,2026,34,2
0.003,0.006,0.007,0.015,0.0,0.0,0.0,0.0,0.1,0.1,石川　亮,オリックス,9,2026,30,2
-0.006,-0.004,-0.006,-0.001,0.0,0.0,0.0,0.0,0.1,0.0,菅野　剛士,ロッテ,11,2026,32,1
0.099,0.12,0.137,0.238,0.5,2.5,0.9,2.4,12.1,8.2,来田　涼斗,オリックス,113,2026,23,2
-0.019,-0.017,-0.016,-0.009,0.0,0.0,0.0,0.0,0.0,0.0,堂上　直倫,中日,10,2026,37,1
-0.025,-0.025,-0.025,-0.022,0.0,0.0,0.0,0.0,0.0,0.0,銀次,楽天,10,2026,38,1
-0.012,-0.012,-0.012,-0.012,0.0,0.0,0.0,0.0,0.0,0.0,江村　直也,ロッテ,10,2026,33,1
-0.009,-0.009,-0.009,-0.009,0.0,0.0,0.0,0.0,0.1,0.0,ホーキンス,ソフトバンク,10,2026,32,1
0.008,0.011,0.008,0.022,0.0,0.0,0.1,0.0,0.1,0.1,熊谷　敬宥,阪神,9,2026,30,2
0.024,0.048,0.041,0.109,0.2,1.4,0.2,1.6,3.1,2.9,小林　誠司,巨人,74,2026,36,2
-0.018,-0.017,-0.018,-0.011,0.0,0.0,0.0,0.0,0.1,0.0,福田　秀平,ロッテ,9,2026,37,1
0.04,0.044,0.057,0.113,0.0,0.9,0.0,0.4,7.8,3.8,加藤　匠馬,中日,79,2026,33,2
0.0,0.002,0.004,0.018,0.0,0.1,0.0,0.1,0.2,0.2,西田　明央,ヤクルト,17,2026,33,2
-0.004,-0.004,-0.004,-0.001,0.0,0.0,0.0,0.0,0.1,0.0,アンバギー,DeNA,8,2026,31,1
0.026,0.026,0.026,0.031,0.0,0.0,0.0,0.0,0.0,0.0,味谷　大誠,中日,4,2026,22,2
0.024,0.024,0.024,0.033,0.0,0.0,0.0,0.0,0.1,0.1,山瀬　慎之助,巨人,6,2026,24,2
0.027,0.03,0.03,0.042,0.0,0.0,0.0,0.0,0.3,0.1,山本　大斗,ロッテ,14,2026,23,2
0.01,0.01,0.01,0.018,0.0,0.0,0.0,0.0,0.1,0.0,梅林　優貴,日本ハム,5,2026,28,2
0.015,0.017,0.015,0.017,0.0,0.0,0.0,0.0,0.0,0.0,菊田　拡和,巨人,6,2026,24,1
0.077,0.083,0.1,0.192,0.2,2.1,0.2,0.7,3.4,6.7,松本　直樹,ヤクルト,84,2026,32,2
-0.0,-0.001,-0.0,0.002,0.0,0.0,0.0,0.0,0.0,0.0,和田　恋,楽天,6,2026,30,1
0.017,0.017,0.017,0.02,0.0,0.0,0.0,0.0,0.0,0.0,平野　大和,オリックス,5,2026,24,1
0.003,0.002,0.006,0.011,0.0,0.0,0.0,0.0,0.0,0.0,奥村　展征,ヤクルト,5,2026,30,1
0.018,0.018,0.018,0.023,0.0,0.0,0.0,0.0,0.3,0.1,杉澤　龍,オリックス,14,2026,25,2
0.021,0.021,0.021,0.021,0.0,0.0,0.0,0.0,0.0,0.0,有薗　直輝,日本ハム,5,2026,22,1
0.009,0.009,0.009,0.009,0.0,0.0,0.0,0.0,0.0,0.0,西巻　賢二,DeNA,4,2026,26,1
0.009,0.009,0.009,0.013,0.0,0.0,0.0,0.0,0.0,0.0,榮枝　裕貴,阪神,4,2026,27,1
0.01,0.013,0.016,0.029,0.0,0.1,0.2,0.0,0.1,0.1,植田　海,阪神,8,2026,29,2
0.006,0.006,0.006,0.006,0.0,0.0,0.0,0.0,0.0,0.0,樋口　正修,中日,2,2026,27,2
0.003,0.003,0.003,0.003,0.0,0.0,0.0,0.0,0.0,0.0,植田　将太,ロッテ,3,2026,28,1
0.007,0.008,0.007,0.012,0.0,0.0,0.0,0.0,0.0,0.0,堀内　謙伍,楽天,5,2026,28,2
0.052,0.067,0.082,0.146,0.3,1.6,0.0,1.0,4.9,3.0,海野　隆司,ソフトバンク,69,2026,28,2
0.024,0.024,0.024,0.024,0.0,0.0,0.0,0.0,0.0,0.0,山浅　龍之介,中日,2,2026,21,1
0.096,0.121,0.13,0.241,0.4,1.7,1.1,3.0,5.7,7.6,大里　昂生,オリックス,101,2026,26,2
0.022,0.024,0.022,0.037,0.0,0.0,0.0,0.0,0.3,0.2,福永　奨,オリックス,14,2026,26,2
-0.027,-0.027,-0.027,-0.027,0.0,0.0,0.0,0.0,0.0,0.0,荒木　貴裕,ヤクルト,2,2026,38,1
-0.022,-0.022,-0.019,-0.017,0.0,0.0,0.0,0.0,0.0,0.0,木村　文紀,日本ハム,2,2026,37,1
0.003,0.003,0.003,0.003,0.0,0.0,0.0,0.0,0.0,0.0,渡邉　大樹,オリックス,2,2026,28,1
0.0,0.002,0.0,0.002,0.0,0.0,0.0,0.0,0.0,0.0,正隨　優弥,楽天,2,2026,29,1
0.009,0.009,0.009,0.009,0.0,0.0,0.1,0.0,0.1,0.0,髙松　渡,西武,4,2026,26,2
0.018,0.018,0.018,0.018,0.0,0.0,0.0,0.0,0.0,0.0,川原田　純平,ソフトバンク,1,2026,23,1
-0.03,-0.03,-0.03,-0.03,0.0,0.0,0.0,0.0,0.0,0.0,大野　奨太,中日,1,2026,39,1
0.024,0.024,0.024,0.024,0.0,0.0,0.0,0.0,0.0,0.0,西村　瑠伊斗,ヤクルト,1,2026,21,1
0.028,0.027,0.028,0.043,0.0,0.1,0.0,0.0,0.2,0.2,吉田　賢吾,ソフトバンク,16,2026,25,2
0.157,0.189,0.308,0.499,13.8,35.8,0.0,17.1,49.6,53.4,レイエス,日本ハム,368,2026,30,1
0.167,0.193,0.251,0.433,4.9,21.1,2.2,11.4,42.7,50.8,水谷　瞬,日本ハム,353,2026,25,1
0.131,0.156,0.162,0.306,1.1,12.3,2.7,10.7,24.5,37.3,田中　幹也,中日,343,2026,25,1
0.15,0.173,0.189,0.359,0.5,11.2,4.9,9.3,21.0,38.1,髙部　瑛斗,ロッテ,287,2026,28,1
0.139,0.164,0.173,0.319,1.4,11.4,1.0,5.7,20.4,30.4,度会　隆輝,DeNA,272,2026,23,1
0.131,0.154,0.201,0.355,3.6,13.3,0.0,6.7,25.8,28.9,ヘルナンデス,巨人,240,2026,29,1
0.086,0.116,0.111,0.218,0.4,3.4,0.4,6.9,9.2,12.6,泉口　友汰,巨人,185,2026,26,1
0.084,0.108,0.099,0.216,0.4,3.4,0.4,5.6,12.3,14.6,山本　泰寛,中日,179,2026,32,1
0.068,0.093,0.111,0.198,1.5,4.7,0.0,4.7,18.2,9.1,石原　彪,楽天,172,2026,27,1
0.052,0.083,0.132,0.23,2.5,8.3,0.0,5.7,18.3,10.1,筒香　嘉智,DeNA,168,2026,34,1
0.094,0.107,0.135,0.242,0.3,4.8,0.3,2.4,7.3,14.2,モンテス,巨人,159,2026,29,1
0.088,0.103,0.105,0.199,0.0,2.1,0.7,3.1,15.1,11.3,佐々木　俊輔,巨人,156,2026,26,1
0.094,0.116,0.133,0.24,0.3,4.5,1.0,3.2,13.7,10.5,川村　友斗,ソフトバンク,140,2026,26,1
0.076,0.09,0.088,0.176,0.3,2.2,3.2,1.9,7.0,8.9,岩田　幸宏,ヤクルト,140,2026,28,1
0.076,0.093,0.114,0.204,0.9,3.5,0.0,1.6,7.0,8.9,石原　貴規,広島,139,2026,28,1
0.083,0.092,0.115,0.192,0.3,3.0,0.3,0.6,6.3,8.4,中島　大輔,楽天,128,2026,24,1
0.042,0.062,0.07,0.15,0.6,2.9,0.0,2.6,9.1,6.7,アギラー,西武,124,2026,35,1
0.075,0.093,0.094,0.168,0.3,2.0,0.3,2.3,7.5,6.1,二俣　翔一,広島,122,2026,23,1
0.078,0.09,0.104,0.179,0.5,2.4,0.0,1.4,4.6,6.5,廣瀨　隆太,ソフトバンク,111,2026,24,1
0.034,0.062,0.071,0.151,0.8,1.3,0.3,3.0,4.8,4.6,ディカーソン,中日,102,2026,35,1
0.035,0.058,0.035,0.111,0.0,2.0,0.7,2.7,4.7,4.5,立岡　宗一郎,巨人,99,2026,35,1
0.048,0.056,0.053,0.101,0.0,0.7,0.4,0.4,2.6,3.1,奥村　光一,西武,84,2026,26,1
0.053,0.066,0.065,0.116,0.0,0.6,0.4,1.3,3.5,2.7,石上　泰輝,DeNA,79,2026,24,1
0.051,0.064,0.085,0.146,0.6,1.6,0.6,0.8,4.4,3.2,宇草　孔基,広島,75,2026,28,1
0.028,0.033,0.042,0.072,0.2,0.8,0.0,0.4,4.7,1.8,コルデロ,西武,73,2026,28,1
0.012,0.031,0.037,0.08,0.2,0.7,0.0,1.3,4.9,1.5,ガルシア,西武,69,2026,33,1
0.061,0.068,0.07,0.123,0.0,1.2,0.0,0.4,1.6,2.6,上田　希由翔,ロッテ,64,2026,24,1
0.022,0.024,0.028,0.058,0.0,0.0,0.2,0.2,4.2,1.7,スティーブンソン,日本ハム,63,2026,31,1
0.036,0.052,0.046,0.092,0.0,0.7,0.7,1.2,1.7,1.5,緒方　理貢,ソフトバンク,62,2026,27,1
0.044,0.059,0.044,0.091,0.0,0.8,0.0,0.8,2.0,1.7,野口　恭佑,阪神,61,2026,25,1
0.006,0.011,0.006,0.033,0.0,0.2,0.0,0.3,2.6,1.2,ロドリゲス,中日,59,2026,34,1
0.035,0.045,0.052,0.088,0.0,0.6,0.1,0.3,1.1,1.1,井上　絢登,DeNA,48,2026,26,1
0.049,0.053,0.058,0.087,0.0,0.1,0.0,0.1,0.9,0.9,松尾　汐恩,DeNA,40,2026,21,1
0.038,0.054,0.049,0.088,0.1,0.7,0.0,0.4,1.2,0.7,石塚　綜一郎,ソフトバンク,40,2026,24,1
0.045,0.045,0.048,0.065,0.0,0.0,0.0,0.0,1.9,0.7,横山　聖哉,オリックス,40,2026,20,1
0.009,0.012,0.022,0.037,0.1,0.5,0.0,0.1,0.8,0.4,シャイナー,広島,31,2026,30,1
0.028,0.037,0.039,0.069,0.1,0.2,0.1,0.2,0.1,0.5,ダウンズ,ソフトバンク,26,2026,27,1
0.017,0.022,0.017,0.033,0.0,0.2,0.0,0.1,0.2,0.2,平良　竜哉,楽天,24,2026,27,1
0.009,0.009,0.018,0.025,0.1,0.1,0.0,0.0,0.6,0.1,中村　健人,広島,24,2026,28,1
0.002,0.007,0.012,0.031,0.1,0.1,0.0,0.1,0.1,0.3,フォード,DeNA,22,2026,33,1
0.031,0.033,0.034,0.043,0.0,0.0,0.0,0.0,0.6,0.1,内藤　鵬,オリックス,21,2026,21,1
0.037,0.037,0.046,0.065,0.1,0.1,0.1,0.0,0.4,0.4,笹川　吉康,ソフトバンク,21,2026,23,1
0.025,0.028,0.025,0.039,0.0,0.0,0.0,0.1,0.0,0.2,辻本　倫太郎,中日,20,2026,24,1
0.015,0.015,0.015,0.018,0.0,0.0,0.0,0.0,0.6,0.1,牧野　翔矢,西武,20,2026,25,1
0.016,0.016,0.019,0.031,0.0,0.0,0.0,0.0,0.3,0.2,豊田　寛,阪神,19,2026,28,1
0.015,0.018,0.015,0.022,0.0,0.0,0.0,0.0,0.5,0.1,久保　修,広島,18,2026,25,1
-0.006,-0.006,-0.006,-0.006,0.0,0.0,0.0,0.0,0.4,0.0,トーマス,オリックス,18,2026,31,1
-0.025,-0.02,-0.025,-0.01,0.0,0.0,0.0,0.1,0.4,0.2,ブランドン,西武,18,2026,41,1
0.022,0.028,0.022,0.035,0.0,0.0,0.0,0.1,0.2,0.1,佐藤　啓介,広島,17,2026,24,1
0.02,0.023,0.02,0.033,0.0,0.0,0.0,0.1,0.2,0.2,仲田　慶介,ソフトバンク,16,2026,26,1
0.037,0.039,0.037,0.057,0.0,0.0,0.0,0.0,0.1,0.2,入江　大樹,楽天,14,2026,23,1
0.025,0.025,0.025,0.034,0.0,0.0,0.0,0.0,0.2,0.1,村田　怜音,西武,13,2026,24,1
0.012,0.012,0.012,0.012,0.0,0.0,0.2,0.0,0.2,0.0,尾田　剛樹,中日,12,2026,25,1
-0.008,-0.002,-0.008,0.001,0.0,0.0,0.0,0.1,0.2,0.0,田中　貴也,楽天,12,2026,33,1
0.009,0.012,0.009,0.012,0.0,0.0,0.0,0.0,0.1,0.0,ウレーニャ,巨人,8,2026,26,1
0.021,0.021,0.021,0.024,0.0,0.0,0.0,0.0,0.1,0.0,元　謙太,オリックス,8,2026,23,1
0.013,0.013,0.013,0.017,0.0,0.0,0.0,0.0,0.0,0.0,湯浅　大,巨人,7,2026,26,1
0.03,0.03,0.034,0.037,0.0,0.0,0.0,0.0,0.1,0.0,寺地　隆成,ロッテ,7,2026,20,1
0.019,0.022,0.019,0.025,0.0,0.0,0.0,0.0,0.0,0.0,宮崎　一樹,日本ハム,6,2026,24,1
0.012,0.015,0.012,0.015,0.0,0.0,0.0,0.0,0.0,0.0,増田　陸,巨人,6,2026,25,1
-0.018,-0.015,-0.018,-0.015,0.0,0.0,0.0,0.0,0.0,0.0,レイノルズ,広島,6,2026,35,1
0.018,0.018,0.018,0.022,0.0,0.0,0.0,0.0,0.0,0.0,武藤　敦貴,楽天,5,2026,24,1
0.021,0.021,0.021,0.021,0.0,0.0,0.0,0.0,0.0,0.0,小森　航大郎,ヤクルト,5,2026,22,1
0.034,0.034,0.034,0.04,0.0,0.0,0.0,0.0,0.0,0.0,鈴木　叶,ヤクルト,4,2026,20,1
0.03,0.03,0.03,0.034,0.0,0.0,0.0,0.0,0.0,0.0,仲田　侑仁,広島,4,2026,20,1
0.015,0.015,0.015,0.015,0.0,0.0,0.0,0.0,0.0,0.0,進藤　勇也,日本ハム,3,2026,24,1
0.012,0.012,0.012,0.012,0.0,0.0,0.0,0.0,0.0,0.0,辰見　鴻之介,楽天,3,2026,25,1
0.027,0.027,0.027,0.031,0.0,0.0,0.0,0.0,0.0,0.0,内田　湘大,広島,3,2026,21,1
0.018,0.018,0.022,0.025,0.0,0.0,0.0,0.0,0.0,0.0,東妻　純平,DeNA,2,2026,24,1
0.018,0.018,0.018,0.018,0.0,0.0,0.0,0.0,0.0,0.0,伊藤　琉偉,ヤクルト,1,2026,23,1
-0.018,-0.018,-0.014,-0.011,0.0,0.0,0.0,0.0,0.0,0.0,岡田　雅利,西武,1,2026,36,1
0.012,0.012,0.012,0.012,0.0,0.0,0.0,0.0,0.0,0.0,橋本　星哉,ヤクルト,1,2026,25,1
0.006,0.006,0.006,0.006,0.0,0.0,0.0,0.0,0.0,0.0,喜多　隆介,巨人,1,2026,27,1
