ERA,WHIP,W,L,SV,SO,BB,HBP,HRA,BF,player,team,IP,target_year,age,data_years
2.59,1.15,0.6,0.6,0.3,9.6,3.9,0.5,0.7,51.1,福田　俊,日本ハム,12.4,2026,29,2
3.57,1.32,1.4,2.1,0.6,20.7,8.1,1.1,2.1,118.3,大野　雄大,中日,28.3,2026,37,2
2.88,1.11,1.2,1.4,0.5,17.9,7.9,1.1,1.4,97.5,齋藤　響介,オリックス,23.2,2026,21,2
2.85,1.15,0.3,0.3,0.2,4.8,1.9,0.3,0.4,25.3,金久保　優斗,ヤクルト,6.1,2026,26,2
2.74,1.21,1.4,1.2,0.7,18.2,7.6,1.1,1.5,104.0,国吉　佑樹,ロッテ,25.4,2026,34,2
2.9,1.19,0.5,0.5,0.2,6.7,3.0,0.3,0.5,35.4,矢澤　宏太,日本ハム,8.5,2026,25,2
2.92,1.16,0.2,0.2,0.1,2.9,1.1,0.1,0.2,15.5,前　佑囲斗,オリックス,3.7,2026,24,2
3.14,1.27,0.1,0.1,0.1,1.6,0.6,0.1,0.1,8.3,高木　京介,巨人,2.0,2026,36,1
3.07,1.24,0.1,0.1,0.0,0.8,0.3,0.0,0.1,4.1,小林　慶祐,阪神,1.0,2026,33,1
3.14,1.27,0.0,0.0,0.0,0.3,0.1,0.0,0.0,1.4,一岡　竜司,広島,0.3,2026,35,1
2.23,1.08,2.7,2.6,15.6,48.6,13.0,1.6,2.5,211.9,マルティネス,中日,53.1,2026,33,2
2.92,1.19,0.7,0.8,0.4,12.1,5.3,0.6,0.9,65.4,豆田　泰志,西武,15.5,2026,23,2
3.0,1.2,0.5,0.5,0.3,7.4,3.4,0.3,0.7,41.0,根尾　昂,中日,9.8,2026,25,2
2.58,1.22,2.4,1.9,0.8,31.2,12.2,1.3,1.8,156.3,齋藤　綱記,中日,37.6,2026,29,2
2.67,1.16,2.6,2.7,1.0,37.8,16.8,2.3,3.2,227.2,渡邉　勇太朗,西武,54.8,2026,25,2
2.68,1.15,1.0,1.1,0.5,15.8,6.3,0.8,1.2,85.4,佐々木　健,西武,20.7,2026,26,1
2.87,1.16,2.0,2.4,9.1,32.7,11.2,1.4,2.8,172.8,オスナ,ソフトバンク,42.9,2026,33,2
3.2,1.23,2.3,3.6,0.9,42.7,17.2,2.0,3.0,217.1,梅津　晃大,中日,52.3,2026,29,2
2.33,1.05,6.7,4.1,2.6,94.2,29.9,3.3,6.5,418.7,モイネロ,ソフトバンク,105.0,2026,30,2
2.45,1.08,2.5,2.5,1.5,41.4,15.1,1.7,3.2,201.8,藤嶋　健人,中日,49.7,2026,27,2
2.96,1.24,1.2,0.9,0.6,14.1,5.8,0.7,1.0,77.2,澤田　圭佑,ロッテ,18.6,2026,31,2
2.75,1.16,1.2,0.8,0.4,14.1,5.6,0.6,1.0,75.2,長谷川　威展,ソフトバンク,18.0,2026,26,2
3.1,1.42,1.4,1.3,4.0,17.8,7.2,0.7,1.4,98.1,平野　佳寿,オリックス,23.2,2026,42,2
2.72,1.21,2.0,1.8,0.8,32.2,12.0,1.5,2.0,156.7,山田　修義,オリックス,38.2,2026,34,2
2.89,1.27,0.9,1.0,0.5,14.4,5.3,0.7,1.2,81.3,野村　祐輔,広島,19.6,2026,36,2
2.54,1.21,2.0,1.5,0.7,30.2,12.6,1.7,1.6,152.1,橋本　侑樹,中日,36.3,2026,28,2
2.13,1.03,12.1,7.6,2.6,146.3,39.3,6.0,6.6,660.2,山本　由伸,オリックス,164.0,2026,27,1
3.1,1.24,1.6,1.2,0.6,23.3,9.5,0.9,1.7,119.2,西村　天裕,ロッテ,28.7,2026,32,2
2.29,1.09,2.2,2.4,0.9,42.3,14.4,2.6,1.9,189.2,松山　晋也,中日,46.2,2026,25,2
2.81,1.16,1.3,1.0,0.7,18.6,7.2,1.0,1.3,102.8,岡留　英貴,阪神,24.7,2026,26,2
2.97,1.21,0.9,1.0,0.5,15.5,6.5,0.9,1.4,88.6,中村　祐太,西武,21.3,2026,30,2
2.41,1.15,2.5,1.9,1.1,38.6,12.7,1.2,2.2,183.8,石井　大智,阪神,45.0,2026,28,2
2.54,1.14,2.2,1.3,0.7,25.6,9.2,1.2,2.1,135.8,山本　拓実,日本ハム,33.0,2026,26,2
2.71,1.19,1.5,1.2,0.7,21.4,8.4,0.8,1.5,111.7,田村　伊知郎,西武,27.1,2026,31,2
3.04,1.33,1.4,2.0,0.7,24.5,10.9,1.0,2.2,136.8,本田　圭佑,西武,32.4,2026,32,2
2.68,1.14,2.8,3.1,10.0,50.7,16.1,1.6,3.5,234.2,松井　裕樹,楽天,57.3,2026,30,1
2.89,1.21,0.6,0.6,0.3,8.9,3.6,0.4,0.7,47.0,笠谷　俊介,ソフトバンク,11.3,2026,29,1
2.55,1.1,4.8,4.4,1.2,74.7,26.5,3.7,4.3,319.2,山下　舜平大,オリックス,77.3,2026,23,2
3.01,1.21,0.5,0.5,0.2,7.7,3.0,0.4,0.7,39.8,益田　武尚,広島,9.5,2026,27,2
2.9,1.19,0.7,0.7,0.3,10.5,4.0,0.4,0.9,54.5,高野　脩汰,ロッテ,13.1,2026,27,2
2.65,1.2,1.9,1.9,1.2,33.4,12.9,1.8,2.1,167.8,ウェンデルケン,DeNA,40.6,2026,33,2
2.92,1.24,1.7,1.4,0.6,18.9,7.6,1.0,1.4,108.0,島本　浩也,阪神,26.1,2026,33,2
2.85,1.27,2.1,2.1,2.4,34.7,14.2,1.0,2.1,161.2,バルドナード,巨人,38.7,2026,33,2
2.57,1.1,1.9,2.8,0.8,33.3,11.7,1.7,2.9,172.5,河野　竜生,日本ハム,42.3,2026,27,2
2.9,1.26,1.4,1.3,0.8,21.4,8.8,1.0,1.6,110.2,Ｋ．ケラー,阪神,26.3,2026,32,1
2.96,1.35,1.8,1.3,0.8,21.8,9.1,1.1,1.7,111.2,ターリー,楽天,26.5,2026,36,2
2.45,1.04,8.2,8.6,1.6,127.0,32.2,3.0,8.5,601.7,村上　頌樹,阪神,149.7,2026,27,2
2.71,1.17,3.3,3.3,12.2,47.6,15.9,1.6,3.4,231.2,岩崎　優,阪神,56.8,2026,34,2
2.66,1.17,1.5,1.3,0.8,22.7,10.6,0.9,1.6,109.3,宇田川　優希,オリックス,26.2,2026,27,2
2.39,1.0,7.3,5.0,1.4,108.0,27.7,5.4,3.8,414.0,佐々木　朗希,ロッテ,102.4,2026,24,2
2.43,1.09,2.8,2.0,1.0,46.0,15.9,2.1,2.3,223.2,桐敷　拓馬,阪神,54.6,2026,26,2
2.53,1.06,4.8,4.3,1.3,67.3,20.9,2.5,6.0,357.4,金村　尚真,日本ハム,88.4,2026,25,2
2.2,1.09,9.8,5.3,1.6,120.5,39.5,2.5,7.0,594.3,才木　浩人,阪神,146.7,2026,27,2
2.81,1.2,2.1,2.9,6.6,32.7,11.5,1.2,2.4,164.5,田口　麗斗,ヤクルト,40.0,2026,30,2
3.1,1.21,0.5,0.5,0.3,7.5,2.9,0.3,0.7,42.0,高田　孝一,楽天,10.0,2026,27,2
3.39,1.25,0.9,0.9,0.4,13.3,4.8,0.8,1.0,74.3,津留﨑　大成,楽天,17.7,2026,28,2
2.98,1.22,0.7,0.7,0.8,11.0,4.5,0.5,0.9,57.9,クリスキー,西武,14.0,2026,32,1
2.95,1.26,1.6,1.4,1.1,22.1,9.0,0.9,1.7,115.0,森脇　亮介,西武,27.7,2026,33,1
2.7,1.14,0.9,0.9,0.5,17.4,6.3,0.9,1.4,89.3,石川　達也,DeNA,21.7,2026,27,2
2.4,1.08,12.8,5.5,1.7,137.6,31.9,4.7,12.0,714.8,東　克樹,DeNA,178.4,2026,30,2
2.88,1.21,2.5,2.1,1.0,36.5,14.7,1.4,2.3,185.1,勝野　昌慶,中日,44.6,2026,28,2
2.65,1.1,3.5,2.7,1.0,41.7,14.9,3.5,3.2,230.4,東　晃平,オリックス,56.0,2026,26,2
3.06,1.25,2.1,2.5,0.8,31.7,13.8,1.7,2.7,164.6,メンデス,巨人,39.8,2026,35,2
2.68,1.17,1.2,1.3,1.5,21.8,8.1,0.7,1.6,107.8,山﨑　颯一郎,オリックス,26.1,2026,27,2
3.28,1.25,1.2,1.7,2.0,20.0,7.1,0.8,1.9,106.6,中川　皓太,巨人,25.6,2026,32,2
2.92,1.28,2.5,2.3,0.8,31.7,13.7,1.7,2.7,171.0,上茶谷　大河,DeNA,40.4,2026,29,2
3.19,1.26,1.1,1.3,0.6,17.4,8.6,0.8,1.4,100.7,水上　由伸,西武,23.9,2026,27,2
2.59,1.19,1.7,1.8,1.6,29.1,10.2,1.0,2.0,154.3,ペルドモ,オリックス,37.7,2026,32,2
3.19,1.25,1.3,1.4,0.7,21.4,7.8,1.1,1.5,113.5,生田目　翼,日本ハム,27.4,2026,31,2
2.62,1.24,10.2,8.3,1.6,103.3,42.4,5.0,10.6,670.1,床田　寛樹,広島,162.3,2026,31,2
2.66,1.11,1.7,1.3,0.6,22.2,7.7,0.8,1.8,116.1,小木田　敦也,オリックス,28.6,2026,27,2
3.25,1.34,2.7,2.2,1.1,35.8,14.0,1.7,2.7,185.6,アンダーソン,広島,45.0,2026,44,1
2.75,1.15,4.0,3.0,1.0,53.4,18.6,2.7,3.9,251.4,ビーズリー,阪神,61.4,2026,30,2
2.92,1.22,5.1,8.1,1.4,87.0,33.7,5.5,6.7,472.1,髙橋　光成,西武,112.9,2026,29,2
3.81,1.34,3.2,4.0,1.1,43.9,19.7,2.7,4.5,259.4,メヒア,中日,62.2,2026,40,2
2.7,1.13,1.8,1.9,0.7,26.6,10.2,1.1,2.0,133.5,及川　雅貴,阪神,32.3,2026,24,2
3.18,1.25,1.8,1.8,0.7,25.3,10.3,1.7,2.2,145.6,又吉　克樹,ソフトバンク,35.2,2026,35,2
3.23,1.36,0.6,0.5,0.3,8.1,3.1,0.4,0.7,44.2,比嘉　幹貴,オリックス,10.7,2026,43,2
2.74,1.15,0.8,0.8,0.5,12.5,4.5,0.7,1.2,64.1,菊地　吏玖,ロッテ,15.4,2026,25,2
2.75,1.15,9.9,5.9,1.5,95.2,30.6,3.1,8.8,563.5,大竹　耕太郎,阪神,139.1,2026,30,2
2.28,0.99,8.1,7.2,1.6,124.3,32.1,4.4,7.8,577.6,宮城　大弥,オリックス,143.8,2026,24,2
2.91,1.12,4.9,5.1,1.3,54.1,24.5,2.7,6.1,360.4,内　星龍,楽天,87.0,2026,23,2
2.89,1.26,6.1,3.8,1.3,60.1,25.0,3.6,5.3,363.5,藤井　聖,楽天,87.1,2026,29,2
2.5,1.14,9.4,7.3,1.6,148.0,59.1,6.1,9.5,639.5,今井　達也,西武,156.0,2026,27,2
2.79,1.19,1.8,1.7,1.3,37.3,13.5,1.5,2.6,179.5,山岡　泰輔,オリックス,43.3,2026,30,2
2.67,1.12,10.9,6.9,1.6,114.1,37.0,6.9,11.5,629.8,有原　航平,ソフトバンク,156.1,2026,33,2
2.8,1.2,4.8,3.7,1.3,49.5,19.1,1.7,3.1,235.5,島内　颯太郎,広島,56.6,2026,29,2
3.03,1.19,1.7,1.3,0.6,21.6,8.5,1.1,1.5,122.0,中村　稔弥,ロッテ,29.4,2026,29,2
2.88,1.21,2.5,3.2,10.0,43.6,14.0,1.7,3.0,216.1,森原　康平,DeNA,52.4,2026,34,2
2.63,1.18,3.0,2.5,1.2,48.9,19.4,2.6,3.0,219.3,藤井　皓哉,ソフトバンク,52.7,2026,29,2
2.31,1.02,11.2,7.6,1.7,145.4,45.2,5.7,12.3,703.6,戸郷　翔征,巨人,175.7,2026,25,2
2.78,1.18,0.9,0.8,0.4,12.9,5.2,1.0,1.0,69.9,田浦　文丸,ソフトバンク,16.7,2026,26,2
3.05,1.24,0.6,0.6,0.3,9.1,3.5,0.4,0.7,47.2,ブルワー,阪神,11.3,2026,33,1
3.14,1.17,6.2,5.3,1.4,68.6,24.0,3.3,6.5,432.5,伊藤　将司,阪神,105.1,2026,29,2
2.48,1.16,5.7,4.5,1.3,81.3,31.6,4.2,5.3,381.3,平良　海馬,西武,92.1,2026,26,2
2.78,1.15,4.3,2.5,1.1,38.6,16.7,1.4,2.5,198.9,渡辺　翔太,楽天,47.9,2026,25,2
2.81,1.1,4.7,4.3,1.3,65.5,21.3,2.3,6.9,346.9,大津　亮介,ソフトバンク,85.6,2026,27,2
3.0,1.23,4.8,6.7,1.4,72.6,31.5,2.7,6.0,437.8,柳　裕也,中日,106.1,2026,31,2
2.93,1.2,0.6,0.5,0.3,7.9,3.0,0.3,0.6,40.6,馬場　皐輔,巨人,9.8,2026,30,2
3.0,1.25,1.2,1.2,0.6,16.4,6.7,0.8,1.3,90.1,マーベル,日本ハム,21.7,2026,32,1
2.6,1.14,1.9,1.9,0.8,29.7,13.0,1.3,2.0,158.3,佐藤　隼輔,西武,38.3,2026,26,2
3.05,1.19,7.7,8.8,1.6,112.2,40.1,6.2,10.0,611.0,九里　亜蓮,広島,150.0,2026,34,2
2.14,1.06,9.1,7.3,1.6,127.6,41.9,5.8,5.4,594.5,髙橋　宏斗,中日,144.7,2026,23,2
2.89,1.19,1.5,1.6,0.8,23.1,9.2,1.2,1.9,119.4,甲斐野　央,西武,28.8,2026,29,2
2.89,1.17,1.1,1.4,0.5,18.2,6.7,0.8,1.5,92.8,中川　虎大,DeNA,22.3,2026,26,2
3.11,1.3,1.6,1.5,0.6,20.5,9.1,0.9,1.8,118.2,平井　克典,西武,28.2,2026,34,2
2.7,1.19,2.0,1.3,0.9,26.7,11.0,1.2,2.0,137.2,山本　大貴,ヤクルト,33.2,2026,30,2
2.95,1.23,0.7,0.7,0.4,11.0,4.8,0.5,0.8,59.0,福　敬登,中日,14.2,2026,33,2
3.15,1.28,1.3,1.5,0.6,18.7,7.5,1.0,1.4,97.7,加治屋　蓮,阪神,23.4,2026,34,2
3.09,1.27,5.2,5.5,11.0,73.7,26.7,2.8,5.1,399.4,則本　昂大,楽天,96.1,2026,35,2
2.84,1.18,2.5,2.4,0.8,25.9,12.4,1.6,2.7,169.5,鈴木　健矢,日本ハム,41.0,2026,28,2
3.03,1.27,1.7,2.0,1.2,28.0,10.5,1.6,2.5,157.1,玉井　大翔,日本ハム,37.7,2026,33,1
3.13,1.36,1.1,1.5,0.7,20.4,7.9,1.0,1.8,103.9,宮西　尚生,日本ハム,24.8,2026,40,2
2.91,1.16,2.3,2.3,3.7,42.1,15.0,1.9,3.3,194.1,松本　裕樹,ソフトバンク,46.8,2026,29,2
3.17,1.26,7.7,6.6,1.5,87.6,30.9,4.2,6.8,493.4,西野　勇士,ロッテ,120.0,2026,35,2
2.95,1.22,1.5,1.8,0.7,22.9,8.6,1.3,1.8,117.9,阿部　翔太,オリックス,28.4,2026,33,2
3.09,1.24,0.9,1.0,0.5,15.0,5.9,0.9,1.2,81.0,岩貞　祐太,阪神,19.5,2026,34,2
2.83,1.13,2.4,1.4,0.7,27.0,9.6,1.8,2.6,141.3,船迫　大雅,巨人,34.6,2026,29,2
2.87,1.21,1.5,1.5,0.8,24.5,9.8,1.2,1.7,125.9,入江　大生,DeNA,30.0,2026,27,1
2.78,1.12,9.3,6.5,1.6,108.3,38.1,7.5,9.1,608.9,山﨑　伊織,巨人,148.0,2026,27,2
2.88,1.21,2.7,2.9,2.0,43.6,18.3,2.0,3.4,222.1,木澤　尚文,ヤクルト,53.0,2026,27,2
3.02,1.22,1.3,1.1,0.5,19.3,7.7,1.0,1.7,99.7,大道　温貴,広島,23.8,2026,27,2
2.93,1.2,1.4,1.3,0.6,20.8,7.0,1.1,1.6,112.5,中﨑　翔太,広島,27.3,2026,33,2
2.95,1.13,6.2,5.2,1.5,109.1,29.6,4.7,8.1,484.1,グリフィン,巨人,118.5,2026,30,2
3.64,1.33,2.6,4.2,1.0,42.7,17.0,2.2,3.9,245.6,上原　健太,日本ハム,57.9,2026,32,2
3.05,1.25,8.2,5.8,2.3,112.9,35.7,4.5,10.5,538.7,バウアー,DeNA,130.7,2026,35,1
2.38,1.13,1.7,1.7,1.6,28.0,11.3,1.1,2.2,144.1,鈴木　昭汰,ロッテ,35.2,2026,27,2
2.84,1.25,1.5,1.3,1.1,22.9,9.4,1.2,2.0,122.0,杉浦　稔大,日本ハム,29.5,2026,34,2
2.98,1.17,7.6,6.3,2.5,140.2,35.4,4.8,12.6,606.2,今永　昇太,DeNA,148.0,2026,32,1
3.07,1.28,2.1,1.8,3.8,27.6,12.8,1.1,2.6,152.2,矢崎　拓也,広島,36.3,2026,31,2
2.97,1.26,1.6,2.1,0.9,27.5,11.8,1.5,2.0,147.3,ティノコ,西武,35.0,2026,30,1
3.1,1.14,1.8,2.1,0.7,28.6,10.4,1.5,2.9,143.0,池田　隆英,日本ハム,35.1,2026,31,2
2.95,1.19,8.8,9.0,1.6,106.1,27.6,2.7,13.2,669.7,加藤　貴之,日本ハム,165.2,2026,33,2
3.05,1.16,0.8,0.7,0.3,10.5,4.7,0.7,0.8,55.6,根本　悠楓,日本ハム,13.2,2026,23,2
3.11,1.23,2.0,2.1,0.8,31.3,11.3,1.4,3.1,176.0,宋　家豪,楽天,42.7,2026,33,2
3.28,1.23,0.8,1.0,0.4,14.9,5.7,0.7,1.4,78.5,東妻　勇輔,ロッテ,18.8,2026,29,2
2.77,1.08,6.5,5.7,1.4,82.0,32.6,6.6,9.1,465.6,大関　友久,ソフトバンク,114.8,2026,28,2
2.73,1.12,2.3,4.3,12.3,48.5,16.5,1.8,3.4,219.1,栗林　良吏,広島,53.9,2026,29,2
2.95,1.18,1.4,1.1,0.6,19.8,8.4,0.8,1.7,105.5,岩下　大輝,ロッテ,25.5,2026,29,2
3.01,1.18,5.0,5.1,1.2,60.8,23.1,3.5,5.6,343.4,大貫　晋一,DeNA,83.2,2026,32,2
3.05,1.2,9.1,9.1,2.7,128.5,46.1,5.7,12.3,700.8,上沢　直之,日本ハム,170.0,2026,32,1
2.82,1.16,1.6,2.3,1.2,27.3,12.9,1.0,2.7,158.2,青山　美夏人,西武,38.0,2026,25,2
3.33,1.2,1.4,2.7,1.0,25.5,8.4,1.1,2.4,138.4,清水　昇,ヤクルト,33.2,2026,29,2
2.95,1.25,2.7,2.4,1.0,32.9,15.3,1.5,2.0,184.9,酒居　知史,楽天,44.6,2026,33,2
3.04,1.22,2.3,4.1,1.0,42.2,19.5,3.8,3.3,239.6,ボー・タカハシ,西武,57.0,2026,29,2
3.13,1.3,1.3,1.7,0.6,21.0,10.1,1.1,1.5,122.1,漆原　大晟,阪神,28.8,2026,29,2
2.82,1.24,1.0,1.1,0.6,17.2,7.3,1.0,1.5,93.8,佐々木　千隼,DeNA,22.4,2026,31,2
2.79,1.16,8.9,8.1,1.6,102.0,35.9,5.0,8.2,586.8,森下　暢仁,広島,143.1,2026,28,2
2.84,1.14,5.4,4.9,4.4,70.9,25.8,3.8,6.7,358.3,小澤　怜史,ヤクルト,87.8,2026,28,2
3.01,1.24,4.6,4.3,1.7,62.7,27.4,3.0,5.2,345.6,板東　湧梧,ソフトバンク,83.0,2026,30,1
2.98,1.23,2.6,2.4,1.1,35.9,14.8,2.9,2.8,199.7,安樂　智大,楽天,47.3,2026,29,1
3.29,1.34,7.2,7.9,1.5,85.9,30.8,3.4,10.4,553.8,岸　孝之,楽天,133.5,2026,41,2
3.24,1.23,5.8,5.9,1.4,78.2,28.6,2.8,8.2,427.5,田嶋　大樹,オリックス,102.0,2026,29,2
2.53,1.14,2.9,2.5,1.2,45.8,18.6,1.6,2.8,218.6,清水　達也,中日,53.1,2026,26,2
2.89,1.19,0.7,0.6,0.3,8.8,3.3,0.4,0.8,47.9,北浦　竜次,日本ハム,11.5,2026,26,2
3.22,1.21,3.6,4.1,1.2,57.6,17.2,2.4,4.3,306.5,カスティーヨ,オリックス,74.9,2026,37,2
3.29,1.26,0.8,0.8,0.4,12.5,5.5,0.6,1.1,67.1,フェリス,中日,16.0,2026,32,2
3.01,1.24,1.2,1.5,0.7,19.9,8.3,1.1,1.6,107.5,メネズ,日本ハム,25.7,2026,30,1
3.14,1.27,0.3,0.3,0.2,4.1,1.6,0.2,0.3,21.7,鍵谷　陽平,日本ハム,5.2,2026,35,2
3.49,1.29,1.8,1.8,0.8,33.5,13.1,2.2,2.9,166.1,坂本　光士郎,ロッテ,39.3,2026,31,2
3.17,1.24,5.6,5.3,2.0,74.2,26.9,4.1,6.9,416.6,ピーターズ,ヤクルト,100.7,2026,33,1
3.07,1.19,2.4,2.8,1.1,32.2,11.2,1.4,3.5,165.6,伊勢　大夢,DeNA,40.0,2026,28,2
3.63,1.38,3.7,3.4,1.0,45.7,16.2,2.3,4.4,239.7,和田　毅,ソフトバンク,57.9,2026,45,2
3.17,1.22,0.6,0.6,0.3,10.8,4.5,0.5,1.1,58.1,吉田　凌,ロッテ,13.8,2026,28,2
2.98,1.18,3.7,3.1,1.1,47.4,18.9,2.9,4.9,284.0,アドゥワ　誠,広島,67.9,2026,27,2
3.23,1.22,9.3,6.3,1.6,88.9,32.1,4.7,11.3,576.2,山﨑　福也,日本ハム,140.2,2026,33,2
2.95,1.18,0.5,0.5,0.2,7.1,2.9,0.3,0.7,37.9,松井　颯,巨人,9.0,2026,25,2
3.03,1.2,0.6,0.6,0.3,9.5,4.3,0.7,0.8,53.3,伊藤　茉央,楽天,12.7,2026,25,2
3.23,1.26,3.8,4.7,1.2,49.5,21.5,2.3,5.0,320.5,松葉　貴大,中日,78.0,2026,35,2
2.74,1.17,2.2,1.8,1.2,40.2,16.9,1.8,2.7,191.8,鈴木　翔天,楽天,46.5,2026,29,2
3.27,1.23,0.6,0.7,0.3,9.3,3.9,0.4,0.7,49.6,阪口　皓亮,ヤクルト,11.8,2026,26,2
3.05,1.19,5.1,7.4,1.7,84.4,35.4,3.0,9.2,498.9,メルセデス,ロッテ,122.0,2026,32,2
3.4,1.22,3.1,3.5,1.1,51.9,24.0,2.3,4.4,269.3,荘司　康誠,楽天,64.0,2026,25,2
2.64,1.15,8.8,5.7,1.5,90.3,24.1,4.0,7.7,493.4,菅野　智之,巨人,122.8,2026,36,2
3.63,1.26,5.3,5.8,1.3,67.2,23.4,2.6,7.9,400.8,小川　泰弘,ヤクルト,97.1,2026,35,2
2.59,1.16,6.0,5.1,1.4,84.4,39.4,3.5,6.4,423.3,スチュワート・ジュニア,ソフトバンク,101.7,2026,26,2
3.19,1.28,1.9,1.7,1.0,32.9,13.2,1.5,2.9,160.9,星　知弥,ヤクルト,38.5,2026,31,2
3.06,1.22,0.8,0.7,0.4,11.7,4.8,0.6,0.9,66.4,梅野　雄吾,中日,15.8,2026,27,2
2.84,1.14,0.5,0.6,0.3,7.9,3.0,0.3,0.6,43.1,門別　啓人,阪神,10.3,2026,21,2
2.99,1.11,3.4,4.9,1.1,54.4,16.8,2.8,5.6,294.1,赤星　優志,巨人,72.4,2026,26,2
2.96,1.16,2.8,2.8,1.3,40.6,14.5,1.6,3.2,196.8,菊地　大稀,巨人,47.7,2026,26,1
2.77,1.11,4.7,3.4,1.2,65.9,26.1,2.8,5.7,305.7,北山　亘基,日本ハム,75.0,2026,26,2
3.05,1.16,8.1,7.6,1.6,136.6,41.5,7.1,8.4,593.5,種市　篤暉,ロッテ,142.8,2026,27,2
2.9,1.13,8.8,9.5,1.6,136.1,40.9,5.1,10.7,651.6,隅田　知一郎,西武,158.6,2026,26,2
2.81,1.17,8.3,6.8,1.5,118.4,35.2,3.5,10.3,572.8,早川　隆久,楽天,138.8,2026,27,2
2.94,1.14,10.3,7.8,1.7,142.7,43.1,5.5,12.0,686.0,伊藤　大海,日本ハム,166.5,2026,28,2
3.34,1.21,10.3,8.4,1.6,124.7,46.0,6.4,13.1,666.2,小島　和哉,ロッテ,161.2,2026,29,2
3.32,1.23,3.9,6.7,1.3,65.0,31.7,3.3,9.0,369.7,松本　航,西武,87.9,2026,29,2
2.86,1.17,2.5,2.1,0.8,34.9,10.6,1.0,2.7,172.9,平良　拳太郎,DeNA,42.4,2026,30,2
2.93,1.18,2.8,2.9,8.9,40.8,14.6,1.8,3.7,199.3,田中　正義,日本ハム,48.2,2026,31,2
2.87,1.18,3.2,2.6,0.9,37.0,15.8,2.7,2.7,187.7,津森　宥紀,ソフトバンク,45.0,2026,28,2
2.79,1.13,1.3,1.3,0.5,16.3,6.8,1.0,1.3,93.6,中森　俊介,ロッテ,22.4,2026,23,2
3.02,1.23,6.6,6.2,1.4,76.0,28.2,5.5,6.8,486.6,西　勇輝,阪神,117.7,2026,35,2
3.31,1.29,1.7,1.9,0.7,25.4,9.1,1.0,2.6,138.7,祖父江　大輔,中日,33.5,2026,38,2
3.17,1.19,6.7,10.2,1.6,109.2,35.5,4.6,10.6,628.5,小笠原　慎之介,中日,151.3,2026,28,2
2.65,1.15,4.3,2.4,1.2,40.2,15.1,2.3,3.4,236.8,大西　広樹,ヤクルト,58.0,2026,28,2
2.95,1.19,0.3,0.3,0.1,3.9,1.5,0.2,0.3,20.8,本前　郁也,ロッテ,5.0,2026,28,1
2.83,1.2,6.7,8.0,1.6,104.7,42.4,4.1,9.2,592.4,大瀬良　大地,広島,144.1,2026,34,2
4.13,1.37,3.3,4.2,1.0,48.4,17.3,3.0,4.2,261.7,ポンセ,楽天,60.4,2026,31,2
3.97,1.36,5.2,7.5,1.5,96.4,34.9,4.4,12.5,539.7,サイスニード,ヤクルト,126.4,2026,33,2
3.38,1.2,2.2,3.5,0.9,33.3,14.9,1.9,4.2,205.6,與座　海人,西武,49.5,2026,30,2
3.24,1.24,2.1,3.2,11.4,38.7,13.9,1.9,3.7,193.5,益田　直也,ロッテ,46.7,2026,36,2
3.05,1.26,0.8,0.7,0.4,11.5,4.8,0.5,0.8,59.7,ケムナ　誠,広島,14.3,2026,30,2
2.99,1.24,0.8,0.8,0.4,12.3,5.2,0.7,1.2,70.6,今野　龍太,ヤクルト,16.9,2026,30,2
3.11,1.26,0.7,0.7,0.4,11.8,4.8,0.6,0.9,65.6,今村　信貴,巨人,15.7,2026,32,2
3.48,1.25,3.2,4.0,1.0,36.4,15.5,1.7,4.1,244.0,瀧中　瞭太,楽天,58.9,2026,31,2
3.03,1.21,2.0,1.7,0.7,24.8,11.3,1.3,2.7,146.4,西　純矢,阪神,34.8,2026,24,2
2.68,1.16,4.4,5.7,1.2,71.0,23.1,2.0,3.8,339.6,曽谷　龍平,オリックス,82.0,2026,25,2
3.38,1.25,1.1,1.2,0.5,15.3,7.2,0.6,1.2,88.6,松井　友飛,楽天,21.0,2026,26,2
3.06,1.24,0.8,0.9,0.4,13.0,5.2,0.6,1.0,68.1,椎野　新,ソフトバンク,16.3,2026,30,1
3.03,1.15,0.4,0.4,0.2,6.6,2.4,0.3,0.5,33.9,宮城　滝太,DeNA,8.1,2026,25,2
2.9,1.14,0.7,0.8,0.4,10.9,4.5,0.5,1.0,58.0,直江　大輔,巨人,14.0,2026,25,1
3.23,1.27,2.2,2.4,1.1,36.2,14.6,1.8,2.6,191.9,武田　翔太,ソフトバンク,46.0,2026,32,1
2.86,1.15,3.1,3.3,1.0,34.8,15.7,1.9,3.7,215.8,横川　凱,巨人,52.5,2026,25,2
2.82,1.2,1.2,1.4,0.6,18.6,7.2,0.8,2.0,103.8,平内　龍太,巨人,24.9,2026,27,2
3.47,1.27,3.3,4.5,1.1,54.7,18.6,2.4,6.0,285.9,石田　健大,DeNA,68.9,2026,33,2
3.58,1.35,4.5,6.9,1.3,69.3,27.2,2.7,6.1,401.9,涌井　秀章,中日,96.1,2026,39,2
3.92,1.45,2.2,3.3,0.9,29.6,11.3,1.4,4.5,203.0,石川　雅規,ヤクルト,48.5,2026,46,2
3.26,1.28,2.1,3.3,1.4,38.1,16.0,2.3,3.5,208.7,ビーディ,巨人,49.7,2026,32,1
2.91,1.14,0.8,0.7,0.4,11.7,4.1,0.5,1.0,59.5,尾形　崇斗,ソフトバンク,14.4,2026,26,2
2.65,1.16,1.3,1.2,0.6,23.1,9.5,1.2,1.7,121.6,丸山　翔大,ヤクルト,29.3,2026,27,2
3.39,1.38,0.3,0.4,0.2,5.1,2.1,0.2,0.4,27.8,ロペス,巨人,6.7,2026,42,1
3.06,1.25,1.6,1.7,0.7,24.2,10.7,1.4,2.3,137.5,鈴木　博志,オリックス,32.9,2026,29,2
2.99,1.27,1.8,2.3,1.0,32.3,12.0,1.3,2.6,165.7,ロドリゲス,日本ハム,39.9,2026,34,2
2.98,1.17,1.1,0.8,0.4,13.6,5.7,0.7,1.2,71.3,大江　竜聖,巨人,17.2,2026,27,2
3.11,1.23,0.6,0.6,0.3,8.5,3.3,0.4,0.8,45.5,田中　豊樹,巨人,11.0,2026,32,1
3.23,1.28,0.6,0.6,0.3,8.6,3.2,0.4,0.7,45.6,田中　健二朗,DeNA,11.0,2026,36,1
3.41,1.26,5.3,4.7,1.3,75.5,29.9,4.8,7.2,375.2,石川　柊太,ソフトバンク,90.0,2026,34,2
3.71,1.24,2.1,2.6,0.8,29.1,11.7,1.5,3.5,167.5,山野　太一,ヤクルト,39.9,2026,27,2
3.11,1.24,2.4,2.1,0.8,32.4,13.1,1.5,2.8,160.8,高梨　雄平,巨人,38.6,2026,33,2
3.21,1.25,6.3,5.5,1.4,83.4,29.5,2.8,7.6,439.9,吉村　貢司郎,ヤクルト,104.9,2026,28,2
3.11,1.26,0.6,0.8,0.4,9.0,3.7,0.4,0.8,48.6,松本　竜也,広島,11.7,2026,32,2
3.37,1.25,2.5,3.4,4.3,34.4,11.4,1.7,3.5,171.2,山﨑　康晃,DeNA,41.0,2026,33,2
3.14,1.18,0.9,1.3,0.5,14.3,6.3,0.8,1.6,82.7,遠藤　淳志,広島,19.9,2026,26,2
3.72,1.4,2.2,2.4,1.8,36.0,13.2,1.7,2.7,186.8,石山　泰稚,ヤクルト,43.8,2026,37,2
2.97,1.19,0.7,0.9,0.9,11.4,4.5,0.5,1.0,59.9,湯浅　京己,阪神,14.3,2026,26,1
2.9,1.16,2.0,2.5,1.1,42.4,15.8,1.9,3.5,201.0,藤平　尚真,楽天,48.2,2026,27,2
3.43,1.34,3.4,3.9,1.4,48.6,22.5,2.8,4.6,274.0,ガゼルマン,DeNA,64.7,2026,32,1
3.4,1.35,2.9,4.0,1.0,47.6,23.3,1.5,4.0,252.0,濵口　遥大,DeNA,59.2,2026,31,2
2.62,1.12,1.9,1.7,7.2,32.2,10.0,1.0,2.1,142.9,大勢,巨人,34.6,2026,26,2
2.92,1.15,1.0,1.0,0.5,15.5,6.2,0.7,1.2,83.8,上田　洸太朗,中日,20.0,2026,23,1
2.53,1.08,1.2,1.5,0.6,20.2,7.3,1.0,1.7,112.1,富田　蓮,阪神,27.2,2026,24,2
3.07,1.21,0.5,0.5,0.3,7.9,2.9,0.4,0.7,41.5,古川　侑利,ソフトバンク,10.0,2026,30,1
3.07,1.27,0.3,0.4,0.2,4.7,1.9,0.2,0.4,25.2,笠原　祥太郎,DeNA,6.0,2026,31,1
3.67,1.31,4.1,4.1,1.2,56.0,19.5,1.7,5.6,312.7,東浜　巨,ソフトバンク,74.7,2026,35,2
3.18,1.19,2.1,2.2,0.8,28.2,9.7,1.3,2.7,156.0,森　翔平,広島,37.4,2026,28,2
3.31,1.27,1.7,1.6,0.8,25.4,10.3,1.3,2.6,132.2,エスコバー,DeNA,31.7,2026,33,1
3.49,1.32,2.4,3.2,1.2,36.7,15.4,1.7,4.0,215.1,辛島　航,楽天,51.3,2026,35,1
3.13,1.25,1.1,1.6,0.6,18.4,7.2,0.8,1.8,99.3,西口　直人,楽天,23.7,2026,29,1
3.65,1.34,4.4,4.2,1.2,54.3,25.6,5.0,4.4,331.9,青柳　晃洋,阪神,77.9,2026,32,2
3.5,1.29,6.1,7.6,1.4,94.1,37.7,5.8,11.7,468.2,高橋　奎二,ヤクルト,109.7,2026,28,2
4.05,1.36,1.6,2.0,0.7,24.6,9.0,1.3,2.3,132.7,森　唯斗,DeNA,31.0,2026,34,2
3.3,1.32,0.8,0.9,0.4,12.0,4.9,0.8,1.0,65.5,三上　朋也,巨人,15.7,2026,36,1
3.1,1.22,0.7,0.8,0.4,10.7,4.2,0.5,0.9,56.9,砂田　毅樹,中日,13.7,2026,30,1
3.25,1.3,1.1,1.0,0.6,16.1,7.3,0.7,1.5,89.9,戸根　千明,広島,21.3,2026,33,1
3.04,1.21,0.3,0.3,0.2,4.5,1.7,0.2,0.3,24.3,小野　郁,ロッテ,5.9,2026,29,2
3.57,1.31,1.6,2.5,0.8,31.2,10.6,1.3,3.7,160.5,高梨　裕稔,ヤクルト,38.4,2026,34,2
4.15,1.43,2.2,3.5,0.9,36.7,16.3,1.6,4.5,212.6,美馬　学,ロッテ,49.8,2026,39,2
3.42,1.35,0.9,0.8,0.3,10.7,4.4,0.5,1.0,57.5,三嶋　一輝,DeNA,13.6,2026,35,2
3.65,1.33,0.7,0.7,0.3,10.5,4.4,0.5,0.9,54.1,田島　慎二,中日,12.9,2026,36,2
4.13,1.39,3.2,4.2,1.1,43.1,18.1,2.2,5.2,264.0,田中　将大,楽天,62.6,2026,37,2
3.52,1.34,2.0,2.0,1.2,26.2,12.5,1.3,2.8,143.1,澤村　拓一,ロッテ,34.1,2026,37,2
3.06,1.15,3.5,3.3,1.1,50.2,15.4,2.2,4.7,261.6,玉村　昇悟,広島,62.9,2026,24,2
3.17,1.2,1.0,1.2,0.5,15.3,6.6,0.6,1.5,80.4,仲地　礼亜,中日,19.1,2026,25,2
3.31,1.27,1.2,1.6,0.6,20.7,9.1,1.0,1.7,117.2,コルニエル,広島,27.9,2026,30,2
3.24,1.28,0.6,0.7,0.3,10.0,3.9,0.5,0.8,51.5,近藤　大亮,オリックス,12.3,2026,34,1
3.11,1.24,0.7,0.8,0.4,10.8,4.4,0.6,1.0,58.7,髙橋　優貴,巨人,14.0,2026,29,1
2.74,1.25,1.3,1.1,0.6,21.5,8.3,1.3,1.4,108.7,塹江　敦哉,広島,25.9,2026,29,2
3.68,1.35,2.4,2.2,0.8,28.9,10.8,1.1,3.1,167.1,福谷　浩司,中日,39.7,2026,35,2
3.6,1.3,2.5,4.4,1.2,39.5,17.5,2.6,4.0,226.5,エンス,西武,54.0,2026,34,1
3.37,1.28,0.4,0.4,0.2,5.9,2.5,0.3,0.6,32.9,尾仲　祐哉,ヤクルト,7.9,2026,31,2
3.63,1.36,0.4,0.4,0.2,5.9,2.3,0.3,0.5,32.1,嘉弥真　新也,ヤクルト,7.6,2026,36,2
2.88,1.13,2.3,2.1,1.5,34.2,13.1,2.1,2.4,169.7,横山　陸人,ロッテ,40.9,2026,24,2
2.93,1.15,0.8,0.8,0.4,13.1,5.0,0.7,1.1,69.6,代木　大和,巨人,16.7,2026,22,1
3.02,1.22,0.5,0.5,0.3,7.7,3.2,0.4,0.6,41.9,大曲　錬,西武,10.0,2026,27,1
3.17,1.21,0.3,0.3,0.2,4.5,2.0,0.2,0.4,24.7,田中　瑛斗,日本ハム,5.9,2026,26,2
3.32,1.25,1.0,1.1,0.5,15.9,6.4,0.8,1.1,85.7,井口　和朋,オリックス,20.6,2026,32,2
3.17,1.26,0.3,0.3,0.1,3.9,1.6,0.2,0.3,20.7,エスピナル,ヤクルト,5.0,2026,34,1
2.97,1.19,0.2,0.2,0.1,2.6,1.0,0.2,0.2,13.9,成田　翔,ヤクルト,3.3,2026,28,1
3.67,1.34,1.3,1.6,2.2,16.9,6.2,0.8,1.7,94.9,増田　達至,西武,22.6,2026,37,2
3.12,1.17,0.9,0.9,0.4,13.8,5.4,0.5,1.1,68.2,田中　千晴,巨人,16.3,2026,25,2
3.65,1.3,1.2,1.0,0.5,18.1,6.9,1.0,1.4,98.2,弓削　隼人,楽天,23.2,2026,31,2
3.3,1.21,1.1,1.1,0.6,17.3,6.1,1.0,1.6,91.3,岡野　祐一郎,中日,22.0,2026,31,1
3.08,1.21,0.6,0.6,0.4,8.8,3.2,0.4,0.7,46.6,廣畑　敦也,ロッテ,11.2,2026,28,2
3.02,1.22,1.5,1.7,0.7,28.2,11.2,1.4,2.4,152.6,坂本　裕哉,DeNA,36.4,2026,28,2
3.57,1.31,2.6,3.2,1.4,39.9,15.3,1.5,3.0,184.6,ワゲスパック,オリックス,43.7,2026,32,1
3.35,1.28,0.8,0.9,0.5,13.1,5.0,0.7,1.2,71.2,ガンケル,ソフトバンク,17.0,2026,34,1
3.12,1.16,1.3,1.1,0.5,17.9,6.4,0.7,2.0,99.6,浜地　真澄,阪神,24.0,2026,27,2
3.17,1.21,0.8,0.8,0.5,11.9,4.5,0.6,1.0,63.8,石川　直也,日本ハム,15.3,2026,29,1
3.37,1.28,1.0,1.0,0.5,14.9,5.3,0.7,1.4,76.7,コットン,オリックス,18.3,2026,34,1
3.29,1.21,1.7,2.1,0.8,26.2,9.8,1.3,2.2,139.1,森　遼大朗,ロッテ,33.0,2026,26,1
3.11,1.26,0.3,0.3,0.2,4.5,2.0,0.2,0.4,25.2,小野　泰己,オリックス,6.0,2026,31,1
2.99,1.19,0.3,0.3,0.2,4.7,1.8,0.2,0.4,25.0,立野　和明,日本ハム,6.0,2026,27,1
3.01,1.23,0.2,0.2,0.1,2.3,0.9,0.1,0.2,12.6,久保　拓眞,ヤクルト,3.0,2026,29,1
2.94,1.26,1.6,1.2,0.7,25.6,12.4,1.0,1.7,133.8,森浦　大輔,広島,31.7,2026,27,2
3.14,1.2,0.3,0.3,0.2,4.2,1.8,0.2,0.4,23.3,村西　良太,オリックス,5.6,2026,28,2
3.27,1.19,1.6,1.2,0.6,22.1,7.9,0.9,1.9,111.3,本田　仁海,オリックス,26.6,2026,26,2
3.23,1.23,0.9,0.8,0.4,13.4,4.9,0.6,1.1,69.8,宮内　春輝,日本ハム,16.7,2026,29,1
3.46,1.3,0.6,0.8,0.3,9.5,4.2,0.5,0.8,51.8,黒木　優太,日本ハム,12.3,2026,31,2
3.5,1.26,1.4,1.4,0.7,21.8,8.8,1.2,2.2,114.5,鈴木　康平,巨人,27.3,2026,32,1
3.16,1.26,0.2,0.2,0.1,3.1,1.2,0.1,0.3,16.7,宮國　椋丞,DeNA,4.0,2026,33,1
3.17,1.23,1.4,1.4,0.6,19.3,6.2,1.0,2.0,102.8,唐川　侑己,ロッテ,25.0,2026,36,2
2.94,1.14,0.7,0.7,0.3,9.5,3.5,0.5,0.7,49.2,松本　晴,ソフトバンク,11.9,2026,25,2
3.4,1.31,0.5,0.5,0.2,7.1,3.1,0.4,0.7,39.4,宮川　哲,ヤクルト,9.3,2026,30,2
3.01,1.2,0.2,0.2,0.1,2.9,1.1,0.1,0.2,15.3,横山　楓,オリックス,3.7,2026,28,1
3.33,1.28,0.5,0.5,0.3,7.6,3.0,0.3,0.6,40.3,東條　大樹,ロッテ,9.7,2026,34,1
3.33,1.28,0.5,0.5,0.3,7.5,2.8,0.3,0.6,40.4,秋山　拓巳,阪神,9.7,2026,34,1
3.22,1.23,0.7,0.8,0.4,10.8,4.6,0.4,0.9,59.5,宮森　智志,楽天,14.1,2026,27,2
2.75,1.12,1.7,1.7,0.7,22.7,9.1,1.1,1.9,125.9,堀田　賢慎,巨人,30.8,2026,24,2
3.18,1.16,0.7,0.8,0.4,10.6,4.2,0.7,1.1,58.5,市川　悠太,ヤクルト,14.0,2026,25,1
3.48,1.36,0.3,0.3,0.2,4.1,1.7,0.2,0.4,22.3,谷元　圭介,中日,5.3,2026,41,1
3.1,1.19,0.4,0.4,0.2,5.4,2.1,0.3,0.5,29.2,小沼　健太,ロッテ,7.0,2026,27,1
3.14,1.23,0.3,0.3,0.1,3.9,1.5,0.2,0.3,20.9,鍬原　拓也,巨人,5.0,2026,30,1
3.2,1.26,0.3,0.3,0.1,3.9,1.5,0.2,0.4,20.8,張　奕,西武,5.0,2026,32,1
3.3,1.23,0.4,0.3,0.2,5.3,2.0,0.3,0.6,27.3,堀　瑞輝,日本ハム,6.5,2026,27,2
3.03,1.21,0.1,0.1,0.1,1.8,0.7,0.1,0.1,9.5,小孫　竜二,楽天,2.3,2026,28,2
3.2,1.26,0.2,0.2,0.1,3.1,1.2,0.2,0.3,16.7,薮田　和樹,広島,4.0,2026,33,1
3.33,1.29,0.2,0.2,0.1,3.1,1.2,0.1,0.3,16.6,塩見　貴洋,楽天,4.0,2026,37,1
2.98,1.19,1.5,1.0,0.6,18.9,7.6,1.3,1.4,102.5,吉田　輝星,オリックス,24.5,2026,25,2
3.02,1.21,0.1,0.1,0.0,0.8,0.3,0.0,0.1,4.1,北村　拓己,巨人,1.0,2026,30,1
3.07,1.2,0.7,0.7,0.5,12.0,4.4,0.6,1.3,62.2,河野　佳,広島,14.8,2026,24,2
3.27,1.29,0.3,0.3,0.1,3.6,1.5,0.2,0.3,19.5,公文　克彦,西武,4.7,2026,34,1
3.18,1.27,0.2,0.3,0.1,3.3,1.3,0.2,0.3,18.1,竹安　大知,オリックス,4.3,2026,31,1
3.21,1.24,0.3,0.3,0.2,4.7,1.9,0.2,0.4,25.0,ニックス,オリックス,6.0,2026,30,1
2.97,1.16,2.2,2.1,0.8,34.9,13.0,1.5,2.2,165.5,黒原　拓未,広島,39.5,2026,26,2
3.49,1.3,1.6,1.8,0.7,21.6,10.8,1.1,2.3,133.8,高橋　礼,巨人,31.7,2026,30,2
3.01,1.14,3.9,3.3,1.1,54.2,17.8,2.2,3.9,261.4,井上　温大,巨人,63.0,2026,24,2
2.95,1.15,0.2,0.2,0.1,2.6,1.0,0.1,0.2,13.9,福島　章太,中日,3.3,2026,23,1
2.96,1.19,0.2,0.2,0.1,3.9,1.5,0.2,0.3,20.2,堀岡　隼人,DeNA,4.9,2026,27,2
3.2,1.22,0.7,0.6,0.3,10.3,4.2,0.5,1.1,53.9,長谷川　宙輝,ヤクルト,12.9,2026,27,2
2.91,1.18,1.2,1.0,0.6,17.6,6.8,1.3,1.2,93.0,泉　圭輔,巨人,22.5,2026,29,2
3.21,1.21,0.4,0.4,0.2,5.9,2.2,0.3,0.5,31.6,八木　彬,ロッテ,7.6,2026,28,2
3.39,1.28,0.2,0.2,0.1,2.6,1.0,0.1,0.2,13.9,石橋　良太,楽天,3.3,2026,34,1
2.85,1.16,1.5,1.5,1.0,26.5,8.3,1.7,1.7,114.7,ヘルナンデス,ソフトバンク,27.7,2026,29,2
3.03,1.18,0.1,0.1,0.0,0.8,0.3,0.0,0.1,4.2,三浦　銀二,DeNA,1.0,2026,26,1
3.24,1.22,0.1,0.1,0.0,0.8,0.3,0.0,0.1,4.2,近藤　廉,中日,1.0,2026,27,1
3.42,1.3,0.0,0.0,0.0,0.5,0.2,0.0,0.0,2.8,バニュエロス,楽天,0.7,2026,35,1
3.46,1.27,0.6,0.6,0.3,8.0,3.5,0.4,0.7,44.7,西垣　雅矢,楽天,10.4,2026,26,2
2.77,1.16,0.4,0.4,0.2,5.4,2.2,0.2,0.4,28.8,長谷部　銀次,広島,7.0,2026,27,1
2.73,1.12,0.3,0.3,0.2,4.7,1.7,0.2,0.4,24.7,前田　純,ソフトバンク,6.0,2026,25,1
2.78,1.17,0.3,0.3,0.1,3.9,1.5,0.2,0.3,20.8,三浦　瑞樹,ソフトバンク,5.0,2026,26,1
2.67,1.09,0.3,0.3,0.1,3.9,1.4,0.2,0.3,20.6,達　孝太,日本ハム,5.0,2026,22,1
2.79,1.16,0.2,0.2,0.1,3.6,1.4,0.2,0.3,19.3,ディアス,DeNA,4.7,2026,26,1
2.64,1.1,0.2,0.2,0.1,2.3,0.9,0.1,0.2,12.5,杉山　遙希,西武,3.0,2026,20,1
2.78,1.13,0.1,0.1,0.1,1.6,0.6,0.1,0.1,8.3,髙　太一,広島,2.0,2026,24,1
2.83,1.15,0.1,0.1,0.0,0.8,0.3,0.0,0.1,4.1,大谷　輝龍,ロッテ,1.0,2026,25,1
2.88,1.16,0.1,0.1,0.0,0.8,0.3,0.0,0.1,4.1,高橋　昂也,広島,1.0,2026,27,1
2.68,1.1,0.1,0.1,0.0,0.8,0.3,0.0,0.1,4.2,坂井　陽翔,楽天,1.0,2026,20,1
2.68,1.09,0.1,0.1,0.0,0.8,0.3,0.0,0.1,4.2,日當　直喜,楽天,1.0,2026,20,1
2.83,1.15,0.1,0.1,0.0,0.8,0.3,0.0,0.1,4.2,川原　陸,阪神,1.0,2026,25,1
2.88,1.16,0.1,0.1,0.0,0.8,0.3,0.0,0.1,4.1,佐藤　蓮,阪神,1.0,2026,27,1
2.38,1.12,2.4,2.1,1.0,37.3,14.3,1.5,2.7,186.9,古田島　成龍,オリックス,45.7,2026,26,1
2.86,1.18,0.4,0.4,0.2,6.8,2.6,0.4,0.5,35.7,伊藤　優輔,巨人,8.7,2026,29,1
2.8,1.18,0.7,0.7,0.5,12.0,4.8,0.6,1.0,62.1,ザバラ,日本ハム,15.0,2026,29,1
2.7,1.13,1.5,1.7,1.2,27.0,9.7,1.0,2.0,142.1,ハーン,広島,35.0,2026,31,1
2.79,1.14,0.3,0.3,0.2,4.8,1.7,0.2,0.4,24.8,木村　光,ソフトバンク,6.0,2026,25,1
2.75,1.14,2.0,1.5,0.7,23.9,8.0,1.1,1.6,121.5,髙橋　遥人,阪神,29.7,2026,30,1
2.7,1.16,2.4,2.4,1.3,40.7,15.1,1.3,3.5,192.0,ケラー,巨人,47.0,2026,32,1
2.59,1.15,2.5,3.4,5.1,46.0,15.5,1.5,3.5,236.5,ゲラ,阪神,58.0,2026,30,1
2.6,1.13,3.0,2.0,1.4,44.7,16.7,1.6,2.9,206.0,杉山　一樹,ソフトバンク,50.3,2026,28,1
3.04,1.3,0.6,0.6,0.3,8.7,3.6,0.4,0.8,45.8,ダイクストラ,ロッテ,11.0,2026,35,1
2.83,1.24,1.4,1.4,0.8,21.2,8.4,0.8,1.7,110.1,齋藤　友貴哉,日本ハム,26.3,2026,31,1
2.6,1.08,1.1,1.1,0.5,15.7,5.9,0.7,1.4,82.5,田中　晴也,ロッテ,20.0,2026,21,1
2.98,1.21,0.5,0.5,0.3,7.4,3.0,0.3,0.7,41.3,原　樹理,ヤクルト,10.0,2026,32,1
2.78,1.22,1.3,1.2,0.6,17.7,8.1,0.7,1.2,94.0,京山　将弥,DeNA,22.3,2026,27,1
2.8,1.18,3.4,2.9,7.2,45.8,16.4,1.7,2.8,218.5,マチャド,オリックス,53.3,2026,32,1
2.44,1.03,8.9,6.9,2.2,110.1,32.7,4.2,7.6,585.6,武内　夏暉,西武,145.3,2026,24,1
2.74,1.14,0.2,0.2,0.1,3.2,1.3,0.1,0.2,16.7,松浦　慶斗,日本ハム,4.0,2026,22,1
2.8,1.14,0.2,0.2,0.1,3.2,1.3,0.1,0.2,16.6,滝田　一希,広島,4.0,2026,24,1
3.02,1.28,2.5,3.2,8.0,36.9,15.9,2.1,2.6,202.9,アブレイユ,西武,49.0,2026,36,1
2.79,1.2,1.5,1.5,0.7,21.1,9.7,0.9,1.7,122.2,徳山　壮磨,DeNA,29.3,2026,26,1
2.78,1.17,0.6,0.6,0.3,8.5,3.3,0.4,0.6,46.0,常廣　羽也斗,広島,11.0,2026,24,1
2.99,1.26,3.0,2.1,1.2,38.5,14.9,1.5,2.9,188.1,ウィック,DeNA,45.0,2026,33,1
2.78,1.22,7.1,8.0,2.1,108.3,43.6,5.4,5.4,552.2,エスピノーザ,オリックス,133.7,2026,28,1
2.78,1.15,1.1,1.1,0.6,17.2,7.7,0.7,1.5,97.1,上田　大河,西武,23.3,2026,24,1
2.78,1.13,2.0,1.8,0.8,23.0,9.6,1.5,2.4,135.6,奥川　恭伸,ヤクルト,32.7,2026,24,1
2.74,1.14,0.9,1.1,0.4,12.5,5.3,0.7,0.9,68.2,羽田　慎之介,西武,16.3,2026,22,1
3.19,1.26,7.8,7.4,2.1,116.1,46.6,5.6,8.5,590.0,ジャクソン,DeNA,143.0,2026,38,1
3.02,1.2,0.2,0.2,0.1,2.3,0.9,0.1,0.2,12.4,畠　世周,巨人,3.0,2026,31,1
3.18,1.24,2.5,2.5,1.1,38.9,13.4,1.9,3.6,202.1,バーヘイゲン,日本ハム,49.0,2026,35,1
2.86,1.14,1.4,1.4,0.7,21.8,9.1,1.2,1.8,114.6,大山　凌,ソフトバンク,27.7,2026,24,1
3.05,1.21,1.9,2.1,0.9,30.1,12.2,1.8,2.4,159.9,マーフィー,日本ハム,38.7,2026,30,1
2.95,1.2,0.6,0.6,0.3,8.5,3.4,0.6,0.6,46.0,富山　凌雅,オリックス,11.0,2026,28,1
3.07,1.24,6.1,8.4,2.0,93.0,40.5,4.9,8.1,542.6,ヤフーレ,ヤクルト,129.3,2026,27,1
2.9,1.15,0.7,0.6,0.3,8.4,3.2,0.4,0.6,44.1,澤柳　亮太郎,ソフトバンク,10.7,2026,26,1
3.25,1.29,6.7,8.1,2.1,112.4,46.5,6.0,7.4,577.8,ケイ,DeNA,136.7,2026,31,1
2.85,1.12,0.7,0.7,0.4,10.1,3.7,0.5,0.9,53.8,岩井　俊介,ソフトバンク,13.0,2026,24,1
2.82,1.16,0.5,0.6,0.3,7.7,3.3,0.4,0.6,43.4,川瀬　堅斗,オリックス,10.3,2026,23,1
2.91,1.09,2.9,3.2,1.3,43.9,17.8,2.5,4.5,251.8,福島　蓮,日本ハム,61.0,2026,22,1
3.38,1.33,2.1,2.5,0.9,30.7,12.5,1.6,2.6,166.7,カイケル,ロッテ,40.0,2026,38,1
2.87,1.17,0.7,0.7,0.4,11.3,4.9,0.5,1.0,62.4,松田　啄磨,楽天,15.0,2026,24,1
2.77,1.11,0.3,0.3,0.1,3.9,1.5,0.2,0.3,20.7,京本　眞,巨人,5.0,2026,22,1
2.8,1.14,0.3,0.3,0.1,3.9,1.5,0.2,0.3,20.8,松本　隆之介,DeNA,5.0,2026,23,1
2.95,1.14,2.5,3.0,1.1,38.4,14.8,2.3,3.6,202.8,松木平　優太,中日,48.7,2026,23,1
3.31,1.33,1.5,1.3,0.6,17.8,7.0,0.9,1.6,101.5,石川　歩,ロッテ,24.3,2026,37,1
2.95,1.13,1.5,1.9,0.9,24.1,9.9,0.9,2.0,127.0,西舘　勇陽,巨人,30.7,2026,24,1
2.86,1.14,0.5,0.5,0.3,7.4,2.8,0.3,0.6,38.7,細野　晴希,日本ハム,9.3,2026,24,1
3.08,1.22,3.4,3.1,1.2,44.0,15.9,1.6,3.8,249.0,石田　裕太郎,DeNA,59.0,2026,24,1
3.15,1.17,2.7,2.7,1.2,39.9,17.5,2.6,3.4,233.8,髙島　泰都,オリックス,56.0,2026,26,1
2.89,1.11,1.2,1.4,1.6,17.5,7.6,0.7,1.2,91.5,柳川　大晟,日本ハム,22.0,2026,22,1
3.13,1.21,1.9,1.7,0.8,25.2,9.6,1.1,2.5,131.1,吉野　光樹,DeNA,31.3,2026,27,1
3.28,1.14,4.7,5.7,1.6,62.4,26.9,4.5,7.0,346.1,古謝　樹,楽天,83.3,2026,24,1
3.0,1.16,0.8,0.8,0.4,11.2,4.0,0.6,1.0,59.5,松本　健吾,ヤクルト,14.3,2026,26,1
3.3,1.22,3.1,2.2,1.5,42.1,15.8,3.2,3.4,240.1,中川　颯,DeNA,57.0,2026,27,1
2.81,1.12,0.3,0.3,0.2,4.5,1.9,0.2,0.4,24.9,畔柳　亨丞,日本ハム,6.0,2026,22,1
2.95,1.19,0.1,0.1,0.1,1.6,0.6,0.1,0.1,8.3,柴田　大地,ヤクルト,2.0,2026,28,1
3.27,1.25,1.2,1.5,0.7,20.3,8.9,0.8,1.9,112.9,エスパーダ,ヤクルト,27.0,2026,29,1
3.12,1.18,1.1,1.3,0.6,17.5,6.7,0.7,1.5,96.0,才木　海翔,オリックス,23.0,2026,25,1
3.05,1.15,1.3,1.4,0.6,19.1,7.5,0.8,1.9,100.7,菅井　信也,西武,24.0,2026,22,1
3.25,1.29,1.0,1.0,0.5,15.7,6.2,0.8,1.4,84.6,吉川　雄大,楽天,20.0,2026,29,1
2.98,1.15,0.7,0.7,0.3,8.8,3.5,0.5,0.8,48.7,佐藤　一磨,オリックス,11.7,2026,24,1
2.86,1.15,0.2,0.2,0.1,2.6,1.0,0.1,0.2,13.9,石黒　佑弥,阪神,3.3,2026,24,1
3.07,1.19,0.7,0.7,0.3,9.9,3.7,0.5,0.8,54.4,椋木　蓮,オリックス,13.0,2026,26,1
3.41,1.28,1.4,1.4,0.7,25.8,10.8,1.3,2.1,129.7,ヤン,西武,30.7,2026,29,1
3.53,1.35,1.0,1.0,0.5,15.9,6.5,0.7,1.1,84.2,岩嵜　翔,中日,20.0,2026,36,1
3.0,1.16,0.5,0.5,0.3,8.0,3.3,0.5,0.6,44.6,松本　凌人,DeNA,10.7,2026,24,1
3.06,1.18,0.6,0.6,0.3,9.3,3.7,0.4,0.7,50.1,土生　翔太,中日,12.0,2026,25,1
3.1,1.22,0.5,0.6,0.3,8.0,3.5,0.4,0.7,43.4,又木　鉄平,巨人,10.3,2026,27,1
3.07,1.21,0.3,0.3,0.1,3.8,1.5,0.2,0.3,20.8,コルデロ,ロッテ,5.0,2026,28,1
3.6,1.29,1.0,1.4,0.6,17.2,7.0,1.0,1.9,93.0,ハッチ,広島,22.0,2026,31,1
3.23,1.2,0.5,0.5,0.3,8.4,3.5,0.4,0.6,44.5,櫻井　周斗,楽天,10.7,2026,26,1
2.85,1.13,0.1,0.1,0.0,0.8,0.3,0.0,0.1,4.2,石原　勇輝,ヤクルト,1.0,2026,24,1
3.06,1.21,0.2,0.2,0.1,2.8,1.2,0.1,0.2,15.3,糸川　亮太,西武,3.7,2026,27,1
3.03,1.19,0.1,0.1,0.1,1.8,0.7,0.1,0.1,9.8,浜屋　将太,西武,2.3,2026,27,1
3.01,1.17,0.2,0.2,0.1,2.3,0.9,0.1,0.2,12.5,清宮　虎多朗,楽天,3.0,2026,25,1
3.77,1.35,0.5,0.5,0.3,7.8,3.2,0.4,0.7,43.6,二保　旭,ロッテ,10.3,2026,35,1
2.98,1.15,0.1,0.2,0.1,2.1,0.8,0.1,0.2,11.2,小園　健太,DeNA,2.7,2026,22,1
2.96,1.12,0.2,0.2,0.1,2.3,0.9,0.1,0.2,12.6,前田　悠伍,ソフトバンク,3.0,2026,20,1
3.0,1.18,0.1,0.1,0.0,0.8,0.3,0.0,0.1,4.2,中村　亮太,ソフトバンク,1.0,2026,27,1
2.91,1.14,0.1,0.1,0.0,0.8,0.3,0.0,0.1,4.2,村田　賢一,ソフトバンク,1.0,2026,24,1
