date,home,away,home_score,away_score
2026-03-27,巨人,阪神,3,1
2026-03-27,DeNA,ヤクルト,2,3
2026-03-27,広島,中日,6,5
2026-03-27,ロッテ,西武,3,1
2026-03-27,オリックス,楽天,0,10
2026-03-27,ソフトバンク,日本ハム,6,5
2026-03-28,巨人,阪神,0,2
2026-03-28,DeNA,ヤクルト,2,5
2026-03-28,広島,中日,2,1
2026-03-28,ロッテ,西武,11,0
2026-03-28,オリックス,楽天,6,0
2026-03-28,ソフトバンク,日本ハム,6,4
2026-03-29,巨人,阪神,6,12
2026-03-29,DeNA,ヤクルト,3,5
2026-03-29,広島,中日,1,0
2026-03-29,ロッテ,西武,0,4
2026-03-29,オリックス,楽天,5,4
2026-03-29,ソフトバンク,日本ハム,8,4
2026-03-31,ヤクルト,広島,8,3
2026-03-31,中日,巨人,2,5
2026-03-31,阪神,DeNA,4,1
2026-03-31,日本ハム,ロッテ,9,0
2026-03-31,楽天,ソフトバンク,2,4
2026-03-31,西武,オリックス,5,3
2026-04-01,中日,巨人,5,6
2026-04-01,阪神,DeNA,1,4
2026-04-01,日本ハム,ロッテ,2,4
2026-04-01,楽天,ソフトバンク,1,6
2026-04-01,西武,オリックス,0,4
2026-04-02,ヤクルト,広島,2,1
2026-04-02,中日,巨人,2,1
2026-04-02,阪神,DeNA,4,3
2026-04-02,日本ハム,ロッテ,7,1
2026-04-02,楽天,ソフトバンク,5,4
2026-04-02,西武,オリックス,3,7
2026-04-03,巨人,DeNA,1,3
2026-04-03,ヤクルト,中日,0,1
2026-04-03,広島,阪神,2,4
2026-04-03,日本ハム,オリックス,12,3
2026-04-03,西武,楽天,3,6
2026-04-03,ロッテ,ソフトバンク,3,2
2026-04-04,巨人,DeNA,8,4
2026-04-04,ヤクルト,中日,11,6
2026-04-04,広島,阪神,5,7
2026-04-04,日本ハム,オリックス,6,3
2026-04-04,西武,楽天,1,2
2026-04-04,ロッテ,ソフトバンク,2,5
2026-04-05,巨人,DeNA,3,2
2026-04-05,ヤクルト,中日,7,5
2026-04-05,広島,阪神,2,1
2026-04-05,日本ハム,オリックス,8,2
2026-04-05,西武,楽天,1,1
2026-04-05,ロッテ,ソフトバンク,3,4
2026-04-07,DeNA,中日,5,3
2026-04-07,阪神,ヤクルト,9,3
2026-04-07,広島,巨人,5,2
2026-04-07,楽天,日本ハム,3,0
2026-04-07,オリックス,ロッテ,3,1
2026-04-07,ソフトバンク,西武,6,8
2026-04-08,DeNA,中日,4,6
2026-04-08,阪神,ヤクルト,2,3
2026-04-08,広島,巨人,1,2
2026-04-08,楽天,日本ハム,0,1
2026-04-08,オリックス,ロッテ,9,1
2026-04-08,ソフトバンク,西武,1,2
2026-04-09,阪神,ヤクルト,2,0
2026-04-09,楽天,日本ハム,2,4
2026-04-09,オリックス,ロッテ,2,1
2026-04-09,ソフトバンク,西武,2,0
2026-04-10,巨人,ヤクルト,3,2
2026-04-10,中日,阪神,3,5
2026-04-10,西武,ロッテ,3,6
2026-04-11,巨人,ヤクルト,2,3
2026-04-11,DeNA,広島,4,3
2026-04-11,中日,阪神,3,9
2026-04-11,日本ハム,ソフトバンク,3,6
2026-04-11,楽天,オリックス,11,4
2026-04-11,西武,ロッテ,5,2
2026-04-12,巨人,ヤクルト,0,2
2026-04-12,DeNA,広島,6,5
2026-04-12,中日,阪神,0,3
2026-04-12,日本ハム,ソフトバンク,7,11
2026-04-12,楽天,オリックス,4,0
2026-04-12,西武,ロッテ,2,1
2026-04-14,ヤクルト,DeNA,5,3
2026-04-14,中日,広島,6,2
2026-04-14,阪神,巨人,3,4
2026-04-14,ロッテ,日本ハム,1,5
2026-04-14,オリックス,西武,5,1
2026-04-14,ソフトバンク,楽天,2,3
2026-04-15,中日,広島,2,5
2026-04-15,ロッテ,日本ハム,9,7
2026-04-15,オリックス,西武,3,1
2026-04-15,ソフトバンク,楽天,2,3
2026-04-16,ヤクルト,DeNA,2,0
2026-04-16,阪神,巨人,3,4
2026-04-16,ロッテ,日本ハム,5,3
2026-04-16,オリックス,西武,7,1
2026-04-16,ソフトバンク,楽天,6,0
2026-04-17,ヤクルト,巨人,2,8
2026-04-17,阪神,中日,2,1
2026-04-17,広島,DeNA,1,5
2026-04-17,日本ハム,西武,3,5
2026-04-17,楽天,ロッテ,1,0
2026-04-17,ソフトバンク,オリックス,4,13
2026-04-18,ヤクルト,巨人,4,3
2026-04-18,阪神,中日,4,3
2026-04-18,広島,DeNA,2,7
2026-04-18,日本ハム,西武,5,3
2026-04-18,楽天,ロッテ,9,1
2026-04-18,ソフトバンク,オリックス,7,0
2026-04-19,ヤクルト,巨人,3,1
2026-04-19,阪神,中日,7,5
2026-04-19,広島,DeNA,0,2
2026-04-19,日本ハム,西武,3,15
2026-04-19,楽天,ロッテ,5,8
2026-04-19,ソフトバンク,オリックス,1,2
2026-04-21,巨人,中日,2,1
2026-04-21,DeNA,阪神,16,9
2026-04-21,広島,ヤクルト,2,1
2026-04-21,日本ハム,楽天,3,1
2026-04-21,西武,ソフトバンク,6,4
2026-04-21,ロッテ,オリックス,7,4
2026-04-22,巨人,中日,5,1
2026-04-22,DeNA,阪神,7,6
2026-04-22,広島,ヤクルト,0,2
2026-04-22,日本ハム,楽天,5,4
2026-04-22,西武,ソフトバンク,3,1
2026-04-22,ロッテ,オリックス,1,4
2026-04-23,広島,ヤクルト,0,2
2026-04-23,日本ハム,楽天,2,3
2026-04-23,西武,ソフトバンク,3,4
2026-04-24,DeNA,巨人,2,1
2026-04-24,中日,ヤクルト,6,4
2026-04-24,オリックス,日本ハム,3,2
2026-04-25,DeNA,巨人,2,7
2026-04-25,中日,ヤクルト,5,2
2026-04-25,阪神,広島,2,2
2026-04-25,楽天,西武,7,9
2026-04-25,オリックス,日本ハム,4,2
2026-04-25,ソフトバンク,ロッテ,0,5
2026-04-26,DeNA,巨人,1,4
2026-04-26,中日,ヤクルト,3,0
2026-04-26,阪神,広島,1,0
2026-04-26,楽天,西武,0,3
2026-04-26,オリックス,日本ハム,9,4
2026-04-28,巨人,広島,1,11
2026-04-28,ヤクルト,阪神,10,5
2026-04-28,中日,DeNA,3,0
2026-04-28,西武,日本ハム,1,2
2026-04-28,ロッテ,楽天,3,1
2026-04-28,オリックス,ソフトバンク,1,7
2026-04-29,巨人,広島,4,2
2026-04-29,ヤクルト,阪神,0,2
2026-04-29,中日,DeNA,2,4
2026-04-29,西武,日本ハム,3,0
2026-04-29,ロッテ,楽天,5,3
2026-04-29,オリックス,ソフトバンク,5,4
2026-04-30,巨人,広島,2,3
2026-04-30,ヤクルト,阪神,2,10
2026-04-30,中日,DeNA,2,6
2026-04-30,西武,日本ハム,2,3
2026-05-01,ヤクルト,DeNA,16,5
2026-05-01,阪神,巨人,3,5
2026-05-01,広島,中日,7,3
2026-05-01,日本ハム,オリックス,5,1
2026-05-01,ロッテ,西武,0,10
2026-05-01,ソフトバンク,楽天,4,1
2026-05-02,ヤクルト,DeNA,6,5
2026-05-02,阪神,巨人,7,5
2026-05-02,広島,中日,0,4
2026-05-02,日本ハム,オリックス,9,10
2026-05-02,ロッテ,西武,4,5
2026-05-02,ソフトバンク,楽天,5,0
2026-05-03,ヤクルト,DeNA,2,12
2026-05-03,阪神,巨人,3,0
2026-05-03,日本ハム,オリックス,3,0
2026-05-03,ロッテ,西武,10,0
2026-05-03,ソフトバンク,楽天,0,7
2026-05-04,巨人,ヤクルト,1,5
2026-05-04,DeNA,広島,11,8
2026-05-04,中日,阪神,7,3
2026-05-04,楽天,日本ハム,3,1
2026-05-04,西武,ソフトバンク,10,2
2026-05-04,オリックス,ロッテ,3,0
2026-05-05,巨人,ヤクルト,3,2
2026-05-05,DeNA,広島,5,5
2026-05-05,中日,阪神,7,3
2026-05-05,楽天,日本ハム,3,2
2026-05-05,西武,ソフトバンク,4,6
2026-05-05,オリックス,ロッテ,6,1
2026-05-06,巨人,ヤクルト,0,5
2026-05-06,DeNA,広島,0,10
2026-05-06,中日,阪神,0,2
2026-05-06,楽天,日本ハム,2,12
2026-05-06,西武,ソフトバンク,10,2
2026-05-06,オリックス,ロッテ,3,0
2026-05-08,中日,巨人,9,2
2026-05-08,阪神,DeNA,1,10
2026-05-08,広島,ヤクルト,1,4
2026-05-08,西武,楽天,4,2
2026-05-08,オリックス,日本ハム,4,3
2026-05-08,ソフトバンク,ロッテ,6,5
2026-05-09,中日,巨人,4,2
2026-05-09,阪神,DeNA,1,3
2026-05-09,広島,ヤクルト,0,4
2026-05-09,西武,楽天,6,2
2026-05-09,オリックス,日本ハム,0,3
2026-05-09,ソフトバンク,ロッテ,4,5
2026-05-10,中日,巨人,4,9
2026-05-10,阪神,DeNA,3,0
2026-05-10,広島,ヤクルト,4,0
2026-05-10,西武,楽天,6,1
2026-05-10,オリックス,日本ハム,0,2
2026-05-10,ソフトバンク,ロッテ,8,3
2026-05-12,巨人,広島,5,3
2026-05-12,ヤクルト,阪神,0,10
2026-05-12,DeNA,中日,3,1
2026-05-12,楽天,オリックス,0,2
2026-05-12,ロッテ,日本ハム,2,3
2026-05-12,ソフトバンク,西武,0,3
2026-05-13,巨人,広島,4,2
2026-05-13,ヤクルト,阪神,4,2
2026-05-13,DeNA,中日,5,0
2026-05-13,ロッテ,日本ハム,2,6
2026-05-13,ソフトバンク,西武,1,2
2026-05-14,DeNA,中日,0,0
2026-05-14,楽天,オリックス,3,0
2026-05-14,ロッテ,日本ハム,5,3
2026-05-15,巨人,DeNA,2,0
2026-05-15,中日,ヤクルト,5,8
2026-05-15,阪神,広島,0,2
2026-05-15,日本ハム,西武,0,3
2026-05-15,楽天,ソフトバンク,6,3
2026-05-15,ロッテ,オリックス,6,3
2026-05-16,巨人,DeNA,4,3
2026-05-16,中日,ヤクルト,8,0
2026-05-16,阪神,広島,3,1
2026-05-16,日本ハム,西武,5,4
2026-05-16,楽天,ソフトバンク,4,3
2026-05-16,ロッテ,オリックス,2,0
2026-05-17,巨人,DeNA,1,0
2026-05-17,中日,ヤクルト,1,5
2026-05-17,阪神,広島,0,1
2026-05-17,日本ハム,西武,3,6
2026-05-17,楽天,ソフトバンク,1,5
2026-05-17,ロッテ,オリックス,3,2
2026-05-19,ヤクルト,巨人,0,2
2026-05-19,阪神,中日,4,2
2026-05-19,広島,DeNA,3,1
2026-05-19,日本ハム,楽天,6,2
2026-05-19,西武,ロッテ,3,2
2026-05-19,オリックス,ソフトバンク,2,1
2026-05-20,阪神,中日,8,7
2026-05-20,広島,DeNA,3,4
2026-05-20,日本ハム,楽天,5,3
2026-05-20,西武,ロッテ,1,3
2026-05-20,オリックス,ソフトバンク,8,3
2026-05-21,ヤクルト,巨人,3,1
2026-05-21,広島,DeNA,3,1
2026-05-22,巨人,阪神,4,7
2026-05-22,中日,広島,6,2
2026-05-22,楽天,ロッテ,1,2
2026-05-22,西武,オリックス,1,5
2026-05-22,ソフトバンク,日本ハム,10,0
2026-05-23,巨人,阪神,0,3
2026-05-23,DeNA,ヤクルト,0,6
2026-05-23,中日,広島,3,5
2026-05-23,楽天,ロッテ,6,7
2026-05-23,西武,オリックス,4,1
2026-05-23,ソフトバンク,日本ハム,11,1
2026-05-24,巨人,阪神,3,6
2026-05-24,DeNA,ヤクルト,1,0
2026-05-24,中日,広島,3,5
2026-05-24,楽天,ロッテ,8,5
2026-05-24,西武,オリックス,4,3
2026-05-24,ソフトバンク,日本ハム,7,6
2026-05-26,巨人,ソフトバンク,3,8
2026-05-26,ヤクルト,西武,1,2
2026-05-26,DeNA,オリックス,1,7
2026-05-26,中日,楽天,1,0
2026-05-26,阪神,日本ハム,0,4
2026-05-26,広島,ロッテ,1,3
2026-05-27,巨人,ソフトバンク,5,1
2026-05-27,ヤクルト,西武,2,2
2026-05-27,DeNA,オリックス,2,5
2026-05-27,中日,楽天,7,2
2026-05-27,阪神,日本ハム,2,5
2026-05-27,広島,ロッテ,4,5
2026-05-28,巨人,ソフトバンク,4,8
2026-05-28,ヤクルト,西武,0,8
2026-05-28,DeNA,オリックス,3,1
2026-05-28,中日,楽天,2,1
2026-05-28,阪神,日本ハム,2,4
2026-05-28,広島,ロッテ,3,6
2026-05-29,日本ハム,巨人,2,4
2026-05-29,楽天,ヤクルト,2,7
2026-05-29,西武,DeNA,13,4
2026-05-29,ロッテ,阪神,0,1
2026-05-29,オリックス,中日,1,5
2026-05-29,ソフトバンク,広島,2,0
2026-05-30,日本ハム,巨人,3,5
2026-05-30,楽天,ヤクルト,7,8
2026-05-30,西武,DeNA,6,0
2026-05-30,ロッテ,阪神,3,4
2026-05-30,オリックス,中日,3,1
2026-05-30,ソフトバンク,広島,4,2
2026-05-31,日本ハム,巨人,3,0
2026-05-31,楽天,ヤクルト,1,2
2026-05-31,西武,DeNA,0,6
2026-05-31,ロッテ,阪神,4,2
2026-05-31,オリックス,中日,7,5
2026-05-31,ソフトバンク,広島,3,1
2026-06-02,巨人,オリックス,3,2
2026-06-02,ヤクルト,ロッテ,0,5
2026-06-02,DeNA,楽天,3,7
2026-06-02,中日,ソフトバンク,0,3
2026-06-03,巨人,オリックス,5,4
2026-06-03,ヤクルト,ロッテ,1,0
2026-06-03,DeNA,楽天,0,2
2026-06-03,中日,ソフトバンク,5,8
2026-06-03,阪神,西武,2,3
2026-06-03,広島,日本ハム,3,1
2026-06-04,巨人,オリックス,2,1
2026-06-04,ヤクルト,ロッテ,2,5
2026-06-04,DeNA,楽天,8,7
2026-06-04,中日,ソフトバンク,1,2
2026-06-04,阪神,西武,2,4
2026-06-04,広島,日本ハム,2,5
2026-06-05,巨人,ロッテ,8,2
2026-06-05,ヤクルト,日本ハム,1,3
2026-06-05,DeNA,ソフトバンク,8,3
2026-06-05,中日,西武,1,0
2026-06-05,阪神,楽天,8,1
2026-06-05,広島,オリックス,2,2
2026-06-06,巨人,ロッテ,1,1
2026-06-06,ヤクルト,日本ハム,0,2
2026-06-06,DeNA,ソフトバンク,3,6
2026-06-06,中日,西武,2,5
2026-06-06,阪神,楽天,1,0
2026-06-06,広島,オリックス,7,4
2026-06-07,巨人,ロッテ,2,2
2026-06-07,ヤクルト,日本ハム,1,7
2026-06-07,DeNA,ソフトバンク,2,4
2026-06-07,中日,西武,1,4
2026-06-07,広島,オリックス,5,2
2026-06-09,日本ハム,DeNA,4,1
2026-06-09,楽天,巨人,2,8
2026-06-09,西武,広島,4,3
2026-06-09,ロッテ,中日,3,1
2026-06-09,オリックス,ヤクルト,4,3
2026-06-09,ソフトバンク,阪神,10,4
2026-06-10,日本ハム,DeNA,4,2
2026-06-10,楽天,巨人,0,7
2026-06-10,西武,広島,5,4
2026-06-10,ロッテ,中日,4,11
2026-06-10,オリックス,ヤクルト,8,4
2026-06-10,ソフトバンク,阪神,6,2
2026-06-11,日本ハム,DeNA,3,0
2026-06-11,楽天,巨人,8,2
2026-06-11,西武,広島,4,1
2026-06-11,ロッテ,中日,3,2
2026-06-11,オリックス,ヤクルト,4,2
2026-06-11,ソフトバンク,阪神,3,2
2026-06-12,日本ハム,中日,3,1
2026-06-12,楽天,広島,2,1
2026-06-12,西武,巨人,3,0
2026-06-12,ロッテ,DeNA,3,2
2026-06-12,オリックス,阪神,2,1
2026-06-12,ソフトバンク,ヤクルト,2,4
2026-06-13,日本ハム,中日,4,3
2026-06-13,楽天,広島,0,2
2026-06-13,西武,巨人,1,2
2026-06-13,ロッテ,DeNA,6,16
2026-06-13,オリックス,阪神,3,6
2026-06-13,ソフトバンク,ヤクルト,8,1
2026-06-14,日本ハム,中日,5,9
2026-06-14,楽天,広島,0,3
2026-06-14,西武,巨人,1,0
2026-06-14,ロッテ,DeNA,6,4
2026-06-14,オリックス,阪神,3,2
2026-06-14,ソフトバンク,ヤクルト,0,4
2026-06-16,阪神,西武,0,1
2026-06-16,広島,日本ハム,0,2
2026-06-17,阪神,楽天,10,3
2026-06-19,巨人,中日,2,3
2026-06-19,ヤクルト,広島,9,2
2026-06-19,DeNA,阪神,3,11
2026-06-19,日本ハム,ソフトバンク,4,3
2026-06-19,ロッテ,楽天,8,5
2026-06-19,オリックス,西武,6,5
2026-06-20,巨人,中日,1,0
2026-06-20,ヤクルト,広島,6,8
2026-06-20,日本ハム,ソフトバンク,7,10
2026-06-20,オリックス,西武,0,4
2026-06-21,巨人,中日,3,5
2026-06-21,ヤクルト,広島,1,2
2026-06-21,DeNA,阪神,1,2
2026-06-21,日本ハム,ソフトバンク,0,8
2026-06-21,ロッテ,楽天,7,4
2026-06-21,オリックス,西武,3,5
2026-06-22,楽天,西武,8,7
2026-06-23,中日,DeNA,5,2
2026-06-23,阪神,ヤクルト,3,4
2026-06-23,広島,巨人,3,7
2026-06-23,日本ハム,ロッテ,4,0
2026-06-23,楽天,西武,8,4
2026-06-23,ソフトバンク,オリックス,0,5
2026-06-24,中日,DeNA,4,6
2026-06-24,日本ハム,ロッテ,7,4
2026-06-24,ソフトバンク,オリックス,8,5
2026-06-25,中日,DeNA,3,1
2026-06-25,楽天,西武,2,0
2026-06-25,ソフトバンク,オリックス,5,2
2026-06-26,西武,日本ハム,4,3
2026-06-27,広島,阪神,3,2
2026-06-27,西武,日本ハム,2,4
2026-06-27,オリックス,楽天,1,5
2026-06-28,ヤクルト,中日,4,3
2026-06-28,DeNA,巨人,1,2
2026-06-28,広島,阪神,3,12
2026-06-28,西武,日本ハム,1,5
2026-06-28,ロッテ,ソフトバンク,3,3
2026-06-28,オリックス,楽天,5,2
2026-06-30,巨人,ヤクルト,3,4
2026-06-30,DeNA,広島,4,7
2026-06-30,阪神,中日,3,2
2026-06-30,日本ハム,オリックス,9,2
2026-06-30,楽天,ロッテ,2,5
2026-06-30,ソフトバンク,西武,6,0
2026-07-01,巨人,ヤクルト,2,1
2026-07-01,日本ハム,オリックス,6,0
2026-07-01,楽天,ロッテ,0,5
2026-07-01,ソフトバンク,西武,11,0
2026-07-02,DeNA,広島,3,3
2026-07-02,阪神,中日,2,3
2026-07-02,日本ハム,オリックス,9,1
2026-07-02,ソフトバンク,西武,3,1
2026-07-03,ヤクルト,DeNA,2,7
2026-07-03,中日,巨人,1,0
2026-07-03,阪神,広島,1,5
2026-07-03,楽天,日本ハム,8,0
2026-07-03,オリックス,西武,4,4
2026-07-03,ソフトバンク,ロッテ,3,2
2026-07-04,ヤクルト,DeNA,1,12
2026-07-04,中日,巨人,2,1
2026-07-04,楽天,日本ハム,4,1
2026-07-04,ソフトバンク,ロッテ,1,8
2026-07-05,ヤクルト,DeNA,4,6
2026-07-05,中日,巨人,0,1
2026-07-05,阪神,広島,6,4
2026-07-05,楽天,日本ハム,3,6
2026-07-05,オリックス,西武,3,1
2026-07-05,ソフトバンク,ロッテ,7,2
2026-07-07,巨人,阪神,4,3
2026-07-07,DeNA,中日,4,0
2026-07-07,広島,ヤクルト,4,3
2026-07-07,西武,楽天,6,1
2026-07-07,ロッテ,日本ハム,10,2
2026-07-07,オリックス,ソフトバンク,3,6
2026-07-08,巨人,阪神,1,4
2026-07-08,DeNA,中日,4,3
2026-07-08,広島,ヤクルト,4,3
2026-07-08,西武,楽天,2,5
2026-07-08,ロッテ,日本ハム,2,7
2026-07-08,オリックス,ソフトバンク,3,2
2026-07-09,巨人,阪神,2,10
2026-07-09,DeNA,中日,3,4
2026-07-09,広島,ヤクルト,0,1
2026-07-10,DeNA,巨人,11,6
2026-07-10,中日,広島,10,1
2026-07-10,阪神,ヤクルト,1,2
2026-07-10,日本ハム,西武,1,2
2026-07-10,ロッテ,オリックス,8,6
2026-07-10,ソフトバンク,楽天,3,5
2026-07-11,DeNA,巨人,4,5
2026-07-11,中日,広島,8,1
2026-07-11,阪神,ヤクルト,2,1
2026-07-11,日本ハム,西武,8,2
2026-07-11,ロッテ,オリックス,3,8
2026-07-11,ソフトバンク,楽天,9,2
2026-07-12,DeNA,巨人,3,4
2026-07-12,中日,広島,1,5
2026-07-12,阪神,ヤクルト,3,0
2026-07-12,日本ハム,西武,1,12
2026-07-12,ロッテ,オリックス,2,7
2026-07-12,ソフトバンク,楽天,3,0
2026-07-14,ヤクルト,巨人,5,4
2026-07-14,中日,阪神,2,5
2026-07-14,広島,DeNA,4,5
2026-07-14,日本ハム,ソフトバンク,2,4
2026-07-14,楽天,オリックス,3,1
2026-07-14,西武,ロッテ,2,1
2026-07-15,ヤクルト,巨人,2,8
2026-07-15,中日,阪神,6,5
2026-07-15,広島,DeNA,6,4
2026-07-15,日本ハム,ソフトバンク,7,6
2026-07-15,楽天,オリックス,3,2
2026-07-15,西武,ロッテ,7,3
2026-07-16,ヤクルト,巨人,1,3
2026-07-16,中日,阪神,1,3
2026-07-16,日本ハム,ソフトバンク,2,6
2026-07-16,楽天,オリックス,12,8
2026-07-16,西武,ロッテ,3,4
2026-07-17,巨人,中日,4,1
2026-07-17,DeNA,ヤクルト,12,4
2026-07-17,広島,阪神,2,4
2026-07-18,巨人,中日,1,5
2026-07-18,DeNA,ヤクルト,8,0
2026-07-18,広島,阪神,2,1
2026-07-18,楽天,西武,3,2
2026-07-18,ロッテ,ソフトバンク,4,5
2026-07-18,オリックス,日本ハム,0,7
2026-07-19,巨人,中日,6,1
2026-07-19,DeNA,ヤクルト,5,1
2026-07-19,広島,阪神,2,4
2026-07-19,楽天,西武,3,6
2026-07-19,ロッテ,ソフトバンク,0,3
2026-07-19,オリックス,日本ハム,1,5
2026-07-20,巨人,広島,3,1
2026-07-20,ヤクルト,中日,2,4
2026-07-20,阪神,DeNA,0,7
2026-07-20,楽天,西武,4,5
2026-07-20,ロッテ,ソフトバンク,4,5
2026-07-20,オリックス,日本ハム,3,0
2026-07-21,巨人,広島,11,5
2026-07-21,ヤクルト,中日,4,11
2026-07-21,阪神,DeNA,2,1
2026-07-21,ソフトバンク,オリックス,1,2
2026-07-22,巨人,広島,1,6
2026-07-22,ヤクルト,中日,8,5
2026-07-22,阪神,DeNA,5,4
2026-07-22,西武,日本ハム,4,3
2026-07-22,ロッテ,楽天,10,2
2026-07-22,ソフトバンク,オリックス,22,2
2026-07-23,西武,日本ハム,2,11
2026-07-23,ロッテ,楽天,3,4
2026-07-23,ソフトバンク,オリックス,6,5
2026-07-24,ヤクルト,広島,5,3
2026-07-24,中日,DeNA,3,2
2026-07-24,阪神,巨人,2,4
2026-07-24,西武,ソフトバンク,3,7
2026-07-24,オリックス,ロッテ,3,2
2026-07-25,ヤクルト,広島,2,1
2026-07-25,中日,DeNA,0,5
2026-07-25,阪神,巨人,1,5
2026-07-25,日本ハム,楽天,4,3
2026-07-25,西武,ソフトバンク,8,6
2026-07-25,オリックス,ロッテ,5,3
2026-07-26,ヤクルト,広島,3,4
2026-07-26,中日,DeNA,5,1
2026-07-26,阪神,巨人,1,0
2026-07-26,日本ハム,楽天,6,2
2026-07-26,西武,ソフトバンク,0,3
2026-07-26,オリックス,ロッテ,2,3
2026-07-31,巨人,DeNA,6,0
2026-07-31,ヤクルト,阪神,3,4
2026-07-31,広島,中日,3,1
2026-07-31,日本ハム,ロッテ,6,1
2026-07-31,西武,オリックス,4,5
2026-08-01,巨人,DeNA,7,8
2026-08-01,ヤクルト,阪神,3,7
2026-08-01,広島,中日,1,7
2026-08-01,日本ハム,ロッテ,3,5
2026-08-01,楽天,ソフトバンク,0,5
2026-08-01,西武,オリックス,4,1
2026-08-02,巨人,DeNA,1,2
2026-08-02,ヤクルト,阪神,3,4
2026-08-02,広島,中日,4,3
2026-08-02,日本ハム,ロッテ,3,0
2026-08-02,楽天,ソフトバンク,6,10
2026-08-02,西武,オリックス,5,1
2026-08-03,オリックス,楽天,9,6
2026-08-04,DeNA,阪神,1,0
2026-08-04,中日,ヤクルト,4,3
2026-08-04,広島,巨人,4,3
2026-08-04,ロッテ,西武,5,3
2026-08-04,ソフトバンク,日本ハム,1,0
2026-08-05,DeNA,阪神,11,7
2026-08-05,中日,ヤクルト,4,1
2026-08-05,広島,巨人,0,4
2026-08-05,ロッテ,西武,8,0
2026-08-05,オリックス,楽天,3,1
2026-08-05,ソフトバンク,日本ハム,7,5
2026-08-06,DeNA,阪神,5,10
2026-08-06,中日,ヤクルト,5,0
2026-08-06,広島,巨人,7,11
2026-08-06,オリックス,楽天,1,3
2026-08-06,ソフトバンク,日本ハム,2,6
2026-08-07,巨人,ヤクルト,0,1
2026-08-07,DeNA,広島,2,1
2026-08-07,阪神,中日,2,3
2026-08-07,日本ハム,楽天,3,2
2026-08-07,西武,ソフトバンク,2,5
2026-08-07,ロッテ,オリックス,2,6
2026-08-08,巨人,ヤクルト,8,2
2026-08-08,DeNA,広島,4,3
2026-08-08,阪神,中日,1,7
2026-08-08,日本ハム,楽天,0,6
2026-08-08,西武,ソフトバンク,2,1
2026-08-08,ロッテ,オリックス,4,1
2026-08-09,巨人,ヤクルト,7,3
2026-08-09,DeNA,広島,3,0
2026-08-09,阪神,中日,1,0
2026-08-09,日本ハム,楽天,1,0
2026-08-09,西武,ソフトバンク,0,5
2026-08-09,ロッテ,オリックス,7,2
2026-08-11,巨人,阪神,1,9
2026-08-11,中日,DeNA,5,2
2026-08-11,日本ハム,西武,0,1
2026-08-11,楽天,オリックス,1,9
2026-08-11,ソフトバンク,ロッテ,16,2
2026-08-12,巨人,阪神,1,5
2026-08-12,ヤクルト,広島,12,0
2026-08-12,中日,DeNA,3,6
2026-08-12,日本ハム,西武,2,5
2026-08-12,楽天,オリックス,7,2
2026-08-12,ソフトバンク,ロッテ,10,4
2026-08-13,巨人,阪神,2,3
2026-08-13,中日,DeNA,1,5
2026-08-13,日本ハム,西武,8,2
2026-08-13,楽天,オリックス,2,8
2026-08-13,ソフトバンク,ロッテ,3,4
2026-08-14,ヤクルト,DeNA,7,2
2026-08-14,中日,巨人,0,1
2026-08-14,広島,阪神,6,1
2026-08-14,西武,ロッテ,7,0
2026-08-14,オリックス,日本ハム,6,2
2026-08-14,ソフトバンク,楽天,2,5
2026-08-15,ヤクルト,DeNA,4,3
2026-08-15,中日,巨人,11,2
2026-08-15,広島,阪神,5,2
2026-08-15,西武,ロッテ,1,5
2026-08-15,オリックス,日本ハム,4,12
2026-08-15,ソフトバンク,楽天,4,6
2026-08-16,ヤクルト,DeNA,2,1
2026-08-16,中日,巨人,0,11
2026-08-16,広島,阪神,1,8
2026-08-16,西武,ロッテ,7,1
2026-08-16,オリックス,日本ハム,7,13
2026-08-16,ソフトバンク,楽天,6,1
2026-08-18,DeNA,巨人,4,3
2026-08-18,阪神,ヤクルト,3,2
2026-08-18,広島,中日,11,4
2026-08-18,日本ハム,ソフトバンク,1,7
2026-08-18,楽天,ロッテ,6,2
2026-08-18,西武,オリックス,7,4
2026-08-19,DeNA,巨人,1,0
2026-08-19,阪神,ヤクルト,2,1
2026-08-19,広島,中日,4,1
2026-08-19,日本ハム,ソフトバンク,8,7
2026-08-19,楽天,ロッテ,5,2
2026-08-19,西武,オリックス,3,2
2026-08-20,DeNA,巨人,3,6
2026-08-20,阪神,ヤクルト,1,4
2026-08-20,広島,中日,2,1
2026-08-20,日本ハム,ソフトバンク,5,5
2026-08-20,楽天,ロッテ,3,4
2026-08-20,西武,オリックス,1,3
2026-08-21,巨人,広島,2,0
2026-08-21,DeNA,阪神,1,4
2026-08-21,中日,ヤクルト,3,0
2026-08-21,楽天,西武,4,6
2026-08-21,ロッテ,日本ハム,4,3
2026-08-22,巨人,広島,5,0
2026-08-22,中日,ヤクルト,5,4
2026-08-22,楽天,西武,0,2
2026-08-22,ソフトバンク,オリックス,7,1
2026-08-23,巨人,広島,2,3
2026-08-23,DeNA,阪神,3,5
2026-08-23,中日,ヤクルト,3,2
2026-08-23,楽天,西武,1,3
2026-08-23,ロッテ,日本ハム,3,2
2026-08-23,ソフトバンク,オリックス,0,3
2026-08-25,ヤクルト,巨人,6,8
2026-08-25,中日,阪神,4,2
2026-08-25,広島,DeNA,8,7
2026-08-25,西武,日本ハム,3,1
2026-08-25,ロッテ,ソフトバンク,0,9
2026-08-25,オリックス,楽天,1,5
2026-08-26,ヤクルト,巨人,3,5
2026-08-26,中日,阪神,4,0
2026-08-26,広島,DeNA,3,2
2026-08-26,西武,日本ハム,1,9
2026-08-26,ロッテ,ソフトバンク,6,5
2026-08-26,オリックス,楽天,7,5
2026-08-27,ヤクルト,巨人,2,9
2026-08-27,中日,阪神,3,4
2026-08-27,広島,DeNA,1,6
2026-08-27,ロッテ,ソフトバンク,2,4
2026-08-27,オリックス,楽天,4,12
2026-08-28,DeNA,中日,4,2
2026-08-28,阪神,巨人,4,1
2026-08-28,広島,ヤクルト,1,3
2026-08-28,日本ハム,ロッテ,6,4
2026-08-28,西武,楽天,8,4
2026-08-28,オリックス,ソフトバンク,0,2
2026-08-29,DeNA,中日,1,0
2026-08-29,阪神,巨人,4,1
2026-08-29,広島,ヤクルト,1,9
2026-08-29,日本ハム,ロッテ,9,7
2026-08-29,西武,楽天,1,0
2026-08-29,オリックス,ソフトバンク,4,3
2026-08-30,DeNA,中日,4,3
2026-08-30,阪神,巨人,3,1
2026-08-30,広島,ヤクルト,5,1
2026-08-30,日本ハム,ロッテ,5,4
2026-08-30,西武,楽天,4,1
2026-08-30,オリックス,ソフトバンク,3,6
2026-09-01,巨人,DeNA,4,3
2026-09-01,ヤクルト,阪神,2,6
2026-09-01,中日,広島,1,5
2026-09-01,日本ハム,ソフトバンク,2,1
2026-09-01,楽天,オリックス,5,1
2026-09-01,ロッテ,西武,1,0
2026-09-02,巨人,DeNA,1,2
2026-09-02,ヤクルト,阪神,5,3
2026-09-02,中日,広島,5,4
2026-09-02,日本ハム,ソフトバンク,1,1
2026-09-02,楽天,オリックス,4,0
2026-09-03,ヤクルト,阪神,4,7
2026-09-03,中日,広島,2,5
2026-09-04,ヤクルト,中日,1,1
2026-09-04,広島,巨人,1,3
2026-09-04,楽天,日本ハム,2,5
2026-09-04,オリックス,ロッテ,3,1
2026-09-04,ソフトバンク,西武,8,2
2026-09-05,ヤクルト,中日,4,8
2026-09-05,阪神,DeNA,2,3
2026-09-05,広島,巨人,5,10
2026-09-05,楽天,日本ハム,2,5
2026-09-05,オリックス,ロッテ,7,6
2026-09-05,ソフトバンク,西武,2,0
2026-09-06,阪神,DeNA,1,4
2026-09-06,広島,巨人,0,4
2026-09-06,楽天,日本ハム,3,6
2026-09-06,オリックス,ロッテ,0,3
2026-09-06,ソフトバンク,西武,2,5
2026-09-08,巨人,中日,0,3
2026-09-08,DeNA,ヤクルト,1,3
2026-09-08,ロッテ,楽天,3,2
2026-09-08,オリックス,西武,0,2
2026-09-08,ソフトバンク,日本ハム,14,1
2026-09-09,巨人,中日,5,1
2026-09-09,DeNA,ヤクルト,9,2
2026-09-09,阪神,広島,1,3
2026-09-09,ロッテ,楽天,10,4
2026-09-09,オリックス,西武,0,8
2026-09-09,ソフトバンク,日本ハム,5,4
2026-09-10,巨人,中日,5,3
2026-09-10,DeNA,ヤクルト,8,1
2026-09-10,ロッテ,楽天,6,1
2026-09-10,オリックス,西武,4,8
2026-09-10,ソフトバンク,日本ハム,3,2
2026-09-11,広島,DeNA,1,6
2026-09-11,オリックス,西武,5,4
2026-09-11,ソフトバンク,ロッテ,11,1
2026-09-12,巨人,阪神,1,0
2026-09-12,中日,ヤクルト,5,6
2026-09-12,広島,DeNA,2,7
2026-09-12,西武,日本ハム,3,3
2026-09-12,オリックス,楽天,5,3
2026-09-12,ソフトバンク,ロッテ,5,4
2026-09-13,ヤクルト,広島,3,1
2026-09-13,DeNA,巨人,5,0
2026-09-13,阪神,中日,0,1
2026-09-13,西武,日本ハム,1,7
2026-09-13,ソフトバンク,ロッテ,7,4
2026-09-14,ヤクルト,広島,0,3
2026-09-14,DeNA,巨人,4,3
2026-09-14,阪神,中日,0,6
2026-09-15,ヤクルト,広島,4,9
2026-09-15,DeNA,巨人,13,2
2026-09-15,阪神,中日,1,4
2026-09-15,日本ハム,ロッテ,6,7
2026-09-15,楽天,西武,1,0
2026-09-15,オリックス,ソフトバンク,3,5
2026-09-16,ロッテ,楽天,0,4
2026-09-16,オリックス,ソフトバンク,0,4
2026-09-17,ヤクルト,DeNA,1,2
2026-09-17,阪神,広島,7,2
2026-09-17,日本ハム,西武,4,2
2026-09-17,ロッテ,楽天,1,5
2026-09-17,オリックス,ソフトバンク,1,7
2026-09-18,巨人,中日,2,0
2026-09-18,DeNA,ヤクルト,1,3
2026-09-18,阪神,広島,2,1
2026-09-19,巨人,中日,14,1
2026-09-19,DeNA,ヤクルト,5,3
2026-09-19,阪神,広島,1,5
2026-09-19,日本ハム,オリックス,4,7
2026-09-19,楽天,ソフトバンク,5,2
2026-09-19,ロッテ,西武,2,4
2026-09-20,巨人,ヤクルト,3,2
2026-09-20,中日,広島,8,5
2026-09-20,阪神,DeNA,8,1
2026-09-20,日本ハム,オリックス,6,9
2026-09-20,楽天,ソフトバンク,5,3
2026-09-21,中日,広島,10,0
2026-09-21,阪神,DeNA,3,2
2026-09-21,日本ハム,オリックス,5,3
2026-09-22,ヤクルト,阪神,7,9
2026-09-22,DeNA,中日,7,3
2026-09-22,広島,巨人,2,1
2026-09-22,日本ハム,楽天,6,5
2026-09-22,ロッテ,オリックス,4,6
2026-09-22,ソフトバンク,西武,6,5
2026-09-23,ヤクルト,阪神,4,8
2026-09-23,DeNA,中日,4,3
2026-09-23,広島,巨人,1,2
2026-09-23,日本ハム,楽天,3,5
2026-09-23,ロッテ,オリックス,0,1
2026-09-23,ソフトバンク,西武,10,3
2026-09-24,広島,巨人,3,1
2026-09-24,日本ハム,楽天,0,6
2026-09-25,ヤクルト,中日,5,4
2026-09-25,DeNA,阪神,2,1
2026-09-25,広島,巨人,3,2
2026-09-25,西武,ロッテ,2,6
2026-09-25,オリックス,ソフトバンク,0,9
2026-09-26,ヤクルト,中日,5,3
2026-09-26,DeNA,阪神,3,8
2026-09-26,西武,ロッテ,5,4
2026-09-26,オリックス,日本ハム,0,2
2026-09-26,ソフトバンク,楽天,4,0
2026-09-27,巨人,ヤクルト,11,0
2026-09-27,DeNA,広島,3,5
2026-09-27,西武,楽天,3,2
2026-09-27,ロッテ,日本ハム,6,1
2026-09-27,ソフトバンク,オリックス,12,5
2026-09-28,DeNA,広島,3,4
2026-09-28,西武,楽天,2,4
2026-09-28,ロッテ,日本ハム,3,8
2026-09-29,巨人,広島,3,1
2026-09-29,楽天,ロッテ,3,6
2026-09-29,西武,オリックス,2,1
2026-09-30,阪神,ヤクルト,5,0
2026-09-30,楽天,ロッテ,3,0
2026-10-01,阪神,巨人,2,2
2026-10-01,広島,中日,5,1
2026-10-01,楽天,ソフトバンク,2,8
2026-10-01,ロッテ,日本ハム,1,3
2026-10-02,ヤクルト,巨人,5,1
2026-10-02,ロッテ,ソフトバンク,3,4
2026-10-03,巨人,DeNA,2,5
2026-10-03,ヤクルト,中日,1,3
2026-10-03,広島,阪神,6,4
2026-10-03,楽天,オリックス,6,0
2026-10-03,ロッテ,ソフトバンク,2,1
2026-10-04,ヤクルト,広島,4,7
2026-10-04,DeNA,阪神,2,1
2026-10-04,ロッテ,楽天,3,2
2026-10-05,楽天,ソフトバンク,3,1
2026-10-05,ロッテ,西武,1,7
2026-10-06,阪神,広島,2,1
2026-10-06,ロッテ,西武,0,3
2026-10-07,阪神,広島,2,1
2026-10-08,阪神,ヤクルト,0,4
