rank,team,G,W,L,T,left,fetched_utc
1,阪神,143,79,62,2,0,2026-10-09T01:23:22+00:00
2,巨人,143,76,64,3,0,2026-10-09T01:23:22+00:00
3,DeNA,143,71,69,3,0,2026-10-09T01:23:22+00:00
4,広島,143,61,78,4,0,2026-10-09T01:23:22+00:00
5,ヤクルト,143,61,80,2,0,2026-10-09T01:23:22+00:00
6,中日,143,60,81,2,0,2026-10-09T01:23:22+00:00
1,ソフトバンク,143,91,49,3,0,2026-10-09T01:23:22+00:00
2,西武,143,79,60,4,0,2026-10-09T01:23:22+00:00
3,日本ハム,143,78,62,3,0,2026-10-09T01:23:22+00:00
4,オリックス,143,65,76,2,0,2026-10-09T01:23:22+00:00
5,ロッテ,143,63,77,3,0,2026-10-09T01:23:22+00:00
6,楽天,143,58,84,1,0,2026-10-09T01:23:22+00:00
